country,customer_id
AU,1
AU,2
AU,3
AU,4
AU,5
AU,6
AU,7
AU,8
AU,9
AU,10
AU,11
AU,12
AU,13
AU,14
AU,15
AU,16
AU,17
AU,18
AU,19
AU,20
AU,21
AU,22
AU,23
AU,24
AU,25
AU,26
AU,27
AU,28
AU,29
AU,30
AU,31
AU,32
AU,33
AU,34
AU,35
AU,36
AU,37
AU,38
AU,39
AU,40
AU,41
AU,42
AU,43
AU,44
AU,45
AU,46
AU,47
AU,48
AU,49
AU,50
AU,51
AU,52
AU,53
AU,54
AU,55
AU,56
AU,57
AU,58
AU,59
AU,60
AU,61
AU,62
AU,63
AU,64
AU,65
AU,66
AU,67
AU,68
AU,69
AU,70
AU,71
AU,72
AU,73
AU,74
AU,75
AU,76
AU,77
AU,78
AU,79
AU,80
AU,81
AU,82
AU,83
AU,84
AU,85
AU,86
AU,87
AU,88
AU,89
AU,90
AU,91
AU,92
AU,93
AU,94
AU,95
AU,96
AU,97
AU,98
AU,99
AU,100
AU,101
AU,102
AU,103
AU,104
AU,105
AU,106
AU,107
AU,108
AU,109
AU,110
AU,111
AU,112
AU,113
AU,114
AU,115
AU,116
AU,117
AU,118
AU,119
AU,120
AU,121
AU,122
AU,123
AU,124
AU,125
AU,126
AU,127
AU,128
AU,129
AU,130
AU,131
AU,132
AU,133
AU,134
AU,135
AU,136
AU,137
AU,138
AU,139
AU,140
AU,141
AU,142
AU,143
AU,144
AU,145
AU,146
AU,147
AU,148
AU,149
AU,150
AU,151
AU,152
AU,153
AU,154
AU,155
AU,156
AU,157
AU,158
AU,159
AU,160
AU,161
AU,162
AU,163
AU,164
AU,165
AU,166
AU,167
AU,168
AU,169
AU,170
AU,171
AU,172
AU,173
AU,174
AU,175
AU,176
AU,177
AU,178
AU,179
AU,180
AU,181
AU,182
AU,183
AU,184
AU,185
AU,186
AU,187
AU,188
AU,189
AU,190
AU,191
AU,192
AU,193
AU,194
AU,195
AU,196
AU,197
AU,198
AU,199
AU,200
AU,201
AU,202
AU,203
AU,204
AU,205
AU,206
AU,207
AU,208
AU,209
AU,210
AU,211
AU,212
AU,213
AU,214
AU,215
AU,216
AU,217
AU,218
AU,219
AU,220
AU,221
AU,222
AU,223
AU,224
AU,225
AU,226
AU,227
AU,228
AU,229
AU,230
AU,231
AU,232
AU,233
AU,234
AU,235
AU,236
AU,237
AU,238
AU,239
AU,240
AU,241
AU,242
AU,243
AU,244
AU,245
AU,246
AU,247
AU,248
AU,249
AU,250
AU,251
AU,252
AU,253
AU,254
AU,255
AU,256
AU,257
AU,258
AU,259
AU,260
AU,261
AU,262
AU,263
AU,264
AU,265
AU,266
AU,267
AU,268
AU,269
AU,270
AU,271
AU,272
AU,273
AU,274
AU,275
AU,276
AU,277
AU,278
AU,279
AU,280
AU,281
AU,282
AU,283
AU,284
AU,285
AU,286
AU,287
AU,288
AU,289
AU,290
AU,291
AU,292
AU,293
AU,294
AU,295
AU,296
AU,297
AU,298
AU,299
AU,300
AU,301
AU,302
AU,303
AU,304
AU,305
AU,306
AU,307
AU,308
AU,309
AU,310
AU,311
AU,312
AU,313
AU,314
AU,315
AU,316
AU,317
AU,318
AU,319
AU,320
AU,321
AU,322
AU,323
AU,324
AU,325
AU,326
AU,327
AU,328
AU,329
AU,330
AU,331
AU,332
AU,333
AU,334
AU,335
AU,336
AU,337
AU,338
AU,339
AU,340
AU,341
AU,342
AU,343
AU,344
AU,345
AU,346
AU,347
AU,348
AU,349
AU,350
AU,351
AU,352
AU,353
AU,354
AU,355
AU,356
AU,357
AU,358
AU,359
AU,360
AU,361
AU,362
AU,363
AU,364
AU,365
AU,366
AU,367
AU,368
AU,369
AU,370
AU,371
AU,372
AU,373
AU,374
AU,375
AU,376
AU,377
AU,378
AU,379
AU,380
AU,381
AU,382
AU,383
AU,384
AU,385
AU,386
AU,387
AU,388
AU,389
AU,390
AU,391
AU,392
AU,393
AU,394
AU,395
AU,396
AU,397
AU,398
AU,399
AU,400
AU,401
AU,402
AU,403
AU,404
AU,405
AU,406
AU,407
AU,408
AU,409
AU,410
AU,411
AU,412
AU,413
AU,414
AU,415
AU,416
AU,417
AU,418
AU,419
AU,420
AU,421
AU,422
AU,423
AU,424
AU,425
AU,426
AU,427
AU,428
AU,429
AU,430
AU,431
AU,432
AU,433
AU,434
AU,435
AU,436
AU,437
AU,438
AU,439
AU,440
AU,441
AU,442
AU,443
AU,444
AU,445
AU,446
AU,447
AU,448
AU,449
AU,450
AU,451
AU,452
AU,453
AU,454
AU,455
AU,456
AU,457
AU,458
AU,459
AU,460
AU,461
AU,462
AU,463
AU,464
AU,465
AU,466
AU,467
AU,468
AU,469
AU,470
AU,471
AU,472
AU,473
AU,474
AU,475
AU,476
AU,477
AU,478
AU,479
AU,480
AU,481
AU,482
AU,483
AU,484
AU,485
AU,486
AU,487
AU,488
AU,489
AU,490
AU,491
AU,492
AU,493
AU,494
AU,495
AU,496
AU,497
AU,498
AU,499
AU,500
AU,501
AU,502
AU,503
AU,504
AU,505
AU,506
AU,507
AU,508
AU,509
AU,510
AU,511
AU,512
AU,513
AU,514
AU,515
AU,516
AU,517
AU,518
AU,519
AU,520
AU,521
AU,522
AU,523
AU,524
AU,525
AU,526
AU,527
AU,528
AU,529
AU,530
AU,531
AU,532
AU,533
AU,534
AU,535
AU,536
AU,537
AU,538
AU,539
AU,540
AU,541
AU,542
AU,543
AU,544
AU,545
AU,546
AU,547
AU,548
AU,549
AU,550
AU,551
AU,552
AU,553
AU,554
AU,555
AU,556
AU,557
AU,558
AU,559
AU,560
AU,561
AU,562
AU,563
AU,564
AU,565
AU,566
AU,567
AU,568
AU,569
AU,570
AU,571
AU,572
AU,573
AU,574
AU,575
AU,576
AU,577
AU,578
AU,579
AU,580
AU,581
AU,582
AU,583
AU,584
AU,585
AU,586
AU,587
AU,588
AU,589
AU,590
AU,591
AU,592
AU,593
AU,594
AU,595
AU,596
AU,597
AU,598
AU,599
AU,600
AU,601
AU,602
AU,603
AU,604
AU,605
AU,606
AU,607
AU,608
AU,609
AU,610
AU,611
AU,612
AU,613
AU,614
AU,615
AU,616
AU,617
AU,618
AU,619
AU,620
AU,621
AU,622
AU,623
AU,624
AU,625
AU,626
AU,627
AU,628
AU,629
AU,630
AU,631
AU,632
AU,633
AU,634
AU,635
AU,636
AU,637
AU,638
AU,639
AU,640
AU,641
AU,642
AU,643
AU,644
AU,645
AU,646
AU,647
AU,648
AU,649
AU,650
AU,651
AU,652
AU,653
AU,654
AU,655
AU,656
AU,657
AU,658
AU,659
AU,660
AU,661
AU,662
AU,663
AU,664
AU,665
AU,666
AU,667
AU,668
AU,669
AU,670
AU,671
AU,672
AU,673
AU,674
AU,675
AU,676
AU,677
AU,678
AU,679
AU,680
AU,681
AU,682
AU,683
AU,684
AU,685
AU,686
AU,687
AU,688
AU,689
AU,690
AU,691
AU,692
AU,693
AU,694
AU,695
AU,696
AU,697
AU,698
AU,699
AU,700
AU,701
AU,702
AU,703
AU,704
AU,705
AU,706
AU,707
AU,708
AU,709
AU,710
AU,711
AU,712
AU,713
AU,714
AU,715
AU,716
AU,717
AU,718
AU,719
AU,720
AU,721
AU,722
AU,723
AU,724
AU,725
AU,726
AU,727
AU,728
AU,729
AU,730
AU,731
AU,732
AU,733
AU,734
AU,735
AU,736
AU,737
AU,738
AU,739
AU,740
AU,741
AU,742
AU,743
AU,744
AU,745
AU,746
AU,747
AU,748
AU,749
AU,750
AU,751
AU,752
AU,753
AU,754
AU,755
AU,756
AU,757
AU,758
AU,759
AU,760
AU,761
AU,762
AU,763
AU,764
AU,765
AU,766
AU,767
AU,768
AU,769
AU,770
AU,771
AU,772
AU,773
AU,774
AU,775
AU,776
AU,777
AU,778
AU,779
AU,780
AU,781
AU,782
AU,783
AU,784
AU,785
AU,786
AU,787
AU,788
AU,789
AU,790
AU,791
AU,792
AU,793
AU,794
AU,795
AU,796
AU,797
AU,798
AU,799
AU,800
AU,801
AU,802
AU,803
AU,804
AU,805
AU,806
AU,807
AU,808
AU,809
AU,810
AU,811
AU,812
AU,813
AU,814
AU,815
AU,816
AU,817
AU,818
AU,819
AU,820
AU,821
AU,822
AU,823
AU,824
AU,825
AU,826
AU,827
AU,828
AU,829
AU,830
AU,831
AU,832
AU,833
AU,834
AU,835
AU,836
AU,837
AU,838
AU,839
AU,840
AU,841
AU,842
AU,843
AU,844
AU,845
AU,846
AU,847
AU,848
AU,849
AU,850
AU,851
AU,852
AU,853
AU,854
AU,855
AU,856
AU,857
AU,858
AU,859
AU,860
AU,861
AU,862
AU,863
AU,864
AU,865
AU,866
AU,867
AU,868
AU,869
AU,870
AU,871
AU,872
AU,873
AU,874
AU,875
AU,876
AU,877
AU,878
AU,879
AU,880
AU,881
AU,882
AU,883
AU,884
AU,885
AU,886
AU,887
AU,888
AU,889
AU,890
AU,891
AU,892
AU,893
AU,894
AU,895
AU,896
AU,897
AU,898
AU,899
AU,900
AU,901
AU,902
AU,903
AU,904
AU,905
AU,906
AU,907
AU,908
AU,909
AU,910
AU,911
AU,912
AU,913
AU,914
AU,915
AU,916
AU,917
AU,918
AU,919
AU,920
AU,921
AU,922
AU,923
AU,924
AU,925
AU,926
AU,927
AU,928
AU,929
AU,930
AU,931
AU,932
AU,933
AU,934
AU,935
AU,936
AU,937
AU,938
AU,939
AU,940
AU,941
AU,942
AU,943
AU,944
AU,945
AU,946
AU,947
AU,948
AU,949
AU,950
AU,951
AU,952
AU,953
AU,954
AU,955
AU,956
AU,957
AU,958
AU,959
AU,960
AU,961
AU,962
AU,963
AU,964
AU,965
AU,966
AU,967
AU,968
AU,969
AU,970
AU,971
AU,972
AU,973
AU,974
AU,975
AU,976
AU,977
AU,978
AU,979
AU,980
AU,981
AU,982
AU,983
AU,984
AU,985
AU,986
AU,987
AU,988
AU,989
AU,990
AU,991
AU,992
AU,993
AU,994
AU,995
AU,996
AU,997
AU,998
AU,999
AU,1000
AU,1001
AU,1002
AU,1003
AU,1004
AU,1005
AU,1006
AU,1007
AU,1008
AU,1009
AU,1010
AU,1011
AU,1012
AU,1013
AU,1014
AU,1015
AU,1016
AU,1017
AU,1018
AU,1019
AU,1020
AU,1021
AU,1022
AU,1023
AU,1024
AU,1025
AU,1026
AU,1027
AU,1028
AU,1029
AU,1030
AU,1031
AU,1032
AU,1033
AU,1034
AU,1035
AU,1036
AU,1037
AU,1038
AU,1039
AU,1040
AU,1041
AU,1042
AU,1043
AU,1044
AU,1045
AU,1046
AU,1047
AU,1048
AU,1049
AU,1050
AU,1051
AU,1052
AU,1053
AU,1054
AU,1055
AU,1056
AU,1057
AU,1058
AU,1059
AU,1060
AU,1061
AU,1062
AU,1063
AU,1064
AU,1065
AU,1066
AU,1067
AU,1068
AU,1069
AU,1070
AU,1071
AU,1072
AU,1073
AU,1074
AU,1075
AU,1076
AU,1077
AU,1078
AU,1079
AU,1080
AU,1081
AU,1082
AU,1083
AU,1084
AU,1085
AU,1086
AU,1087
AU,1088
AU,1089
AU,1090
AU,1091
AU,1092
AU,1093
AU,1094
AU,1095
AU,1096
AU,1097
AU,1098
AU,1099
AU,1100
AU,1101
AU,1102
AU,1103
AU,1104
AU,1105
AU,1106
AU,1107
AU,1108
AU,1109
AU,1110
AU,1111
AU,1112
AU,1113
AU,1114
AU,1115
AU,1116
AU,1117
AU,1118
AU,1119
AU,1120
AU,1121
AU,1122
AU,1123
AU,1124
AU,1125
AU,1126
AU,1127
AU,1128
AU,1129
AU,1130
AU,1131
AU,1132
AU,1133
AU,1134
AU,1135
AU,1136
AU,1137
AU,1138
AU,1139
AU,1140
AU,1141
AU,1142
AU,1143
AU,1144
AU,1145
AU,1146
AU,1147
AU,1148
AU,1149
AU,1150
AU,1151
AU,1152
AU,1153
AU,1154
AU,1155
AU,1156
AU,1157
AU,1158
AU,1159
AU,1160
AU,1161
AU,1162
AU,1163
AU,1164
AU,1165
AU,1166
AU,1167
AU,1168
AU,1169
AU,1170
AU,1171
AU,1172
AU,1173
AU,1174
AU,1175
AU,1176
AU,1177
AU,1178
AU,1179
AU,1180
AU,1181
AU,1182
AU,1183
AU,1184
AU,1185
AU,1186
AU,1187
AU,1188
AU,1189
AU,1190
AU,1191
AU,1192
AU,1193
AU,1194
AU,1195
AU,1196
AU,1197
AU,1198
AU,1199
AU,1200
AU,1201
AU,1202
AU,1203
AU,1204
AU,1205
AU,1206
AU,1207
AU,1208
AU,1209
AU,1210
AU,1211
AU,1212
AU,1213
AU,1214
AU,1215
AU,1216
AU,1217
AU,1218
AU,1219
AU,1220
AU,1221
AU,1222
AU,1223
AU,1224
AU,1225
AU,1226
AU,1227
AU,1228
AU,1229
AU,1230
AU,1231
AU,1232
AU,1233
AU,1234
AU,1235
AU,1236
AU,1237
AU,1238
AU,1239
AU,1240
AU,1241
AU,1242
AU,1243
AU,1244
AU,1245
AU,1246
AU,1247
AU,1248
AU,1249
AU,1250
AU,1251
AU,1252
AU,1253
AU,1254
AU,1255
AU,1256
AU,1257
AU,1258
AU,1259
AU,1260
AU,1261
AU,1262
AU,1263
AU,1264
AU,1265
AU,1266
AU,1267
AU,1268
AU,1269
AU,1270
AU,1271
AU,1272
AU,1273
AU,1274
AU,1275
AU,1276
AU,1277
AU,1278
AU,1279
AU,1280
AU,1281
AU,1282
AU,1283
AU,1284
AU,1285
AU,1286
AU,1287
AU,1288
AU,1289
AU,1290
AU,1291
AU,1292
AU,1293
AU,1294
AU,1295
AU,1296
AU,1297
AU,1298
AU,1299
AU,1300
AU,1301
AU,1302
AU,1303
AU,1304
AU,1305
AU,1306
AU,1307
AU,1308
AU,1309
AU,1310
AU,1311
AU,1312
AU,1313
AU,1314
AU,1315
AU,1316
AU,1317
AU,1318
AU,1319
AU,1320
AU,1321
AU,1322
AU,1323
AU,1324
AU,1325
AU,1326
AU,1327
AU,1328
AU,1329
AU,1330
AU,1331
AU,1332
AU,1333
AU,1334
AU,1335
AU,1336
AU,1337
AU,1338
AU,1339
AU,1340
AU,1341
AU,1342
AU,1343
AU,1344
AU,1345
AU,1346
AU,1347
AU,1348
AU,1349
AU,1350
AU,1351
AU,1352
AU,1353
AU,1354
AU,1355
AU,1356
AU,1357
AU,1358
AU,1359
AU,1360
AU,1361
AU,1362
AU,1363
AU,1364
AU,1365
AU,1366
AU,1367
AU,1368
AU,1369
AU,1370
AU,1371
AU,1372
AU,1373
AU,1374
AU,1375
AU,1376
AU,1377
AU,1378
AU,1379
AU,1380
AU,1381
AU,1382
AU,1383
AU,1384
AU,1385
AU,1386
AU,1387
AU,1388
AU,1389
AU,1390
AU,1391
AU,1392
AU,1393
AU,1394
AU,1395
AU,1396
AU,1397
AU,1398
AU,1399
AU,1400
AU,1401
AU,1402
AU,1403
AU,1404
AU,1405
AU,1406
AU,1407
AU,1408
AU,1409
AU,1410
AU,1411
AU,1412
AU,1413
AU,1414
AU,1415
AU,1416
AU,1417
AU,1418
AU,1419
AU,1420
AU,1421
AU,1422
AU,1423
AU,1424
AU,1425
AU,1426
AU,1427
AU,1428
AU,1429
AU,1430
AU,1431
AU,1432
AU,1433
AU,1434
AU,1435
AU,1436
AU,1437
AU,1438
AU,1439
AU,1440
AU,1441
AU,1442
AU,1443
AU,1444
AU,1445
AU,1446
AU,1447
AU,1448
AU,1449
AU,1450
AU,1451
AU,1452
AU,1453
AU,1454
AU,1455
AU,1456
AU,1457
AU,1458
AU,1459
AU,1460
AU,1461
AU,1462
AU,1463
AU,1464
AU,1465
AU,1466
AU,1467
AU,1468
AU,1469
AU,1470
AU,1471
AU,1472
AU,1473
AU,1474
AU,1475
AU,1476
AU,1477
AU,1478
AU,1479
AU,1480
AU,1481
AU,1482
AU,1483
AU,1484
AU,1485
AU,1486
AU,1487
AU,1488
AU,1489
AU,1490
AU,1491
AU,1492
AU,1493
AU,1494
AU,1495
AU,1496
AU,1497
AU,1498
AU,1499
AU,1500
AU,1501
AU,1502
AU,1503
AU,1504
AU,1505
AU,1506
AU,1507
AU,1508
AU,1509
AU,1510
AU,1511
AU,1512
AU,1513
AU,1514
AU,1515
AU,1516
AU,1517
AU,1518
AU,1519
AU,1520
AU,1521
AU,1522
AU,1523
AU,1524
AU,1525
AU,1526
AU,1527
AU,1528
AU,1529
AU,1530
AU,1531
AU,1532
AU,1533
AU,1534
AU,1535
AU,1536
AU,1537
AU,1538
AU,1539
AU,1540
AU,1541
AU,1542
AU,1543
AU,1544
AU,1545
AU,1546
AU,1547
AU,1548
AU,1549
AU,1550
AU,1551
AU,1552
AU,1553
AU,1554
AU,1555
AU,1556
AU,1557
AU,1558
AU,1559
AU,1560
AU,1561
AU,1562
AU,1563
AU,1564
AU,1565
AU,1566
AU,1567
AU,1568
AU,1569
AU,1570
AU,1571
AU,1572
AU,1573
AU,1574
AU,1575
AU,1576
AU,1577
AU,1578
AU,1579
AU,1580
AU,1581
AU,1582
AU,1583
AU,1584
AU,1585
AU,1586
AU,1587
AU,1588
AU,1589
AU,1590
AU,1591
AU,1592
AU,1593
AU,1594
AU,1595
AU,1596
AU,1597
AU,1598
AU,1599
AU,1600
AU,1601
AU,1602
AU,1603
AU,1604
AU,1605
AU,1606
AU,1607
AU,1608
AU,1609
AU,1610
AU,1611
AU,1612
AU,1613
AU,1614
AU,1615
AU,1616
AU,1617
AU,1618
AU,1619
AU,1620
AU,1621
AU,1622
AU,1623
AU,1624
AU,1625
AU,1626
AU,1627
AU,1628
AU,1629
AU,1630
AU,1631
AU,1632
AU,1633
AU,1634
AU,1635
AU,1636
AU,1637
AU,1638
AU,1639
AU,1640
AU,1641
AU,1642
AU,1643
AU,1644
AU,1645
AU,1646
AU,1647
AU,1648
AU,1649
AU,1650
AU,1651
AU,1652
AU,1653
AU,1654
AU,1655
AU,1656
AU,1657
AU,1658
AU,1659
AU,1660
AU,1661
AU,1662
AU,1663
AU,1664
AU,1665
AU,1666
AU,1667
AU,1668
AU,1669
AU,1670
AU,1671
AU,1672
AU,1673
AU,1674
AU,1675
AU,1676
AU,1677
AU,1678
AU,1679
AU,1680
AU,1681
AU,1682
AU,1683
AU,1684
AU,1685
AU,1686
AU,1687
AU,1688
AU,1689
AU,1690
AU,1691
AU,1692
AU,1693
AU,1694
AU,1695
AU,1696
AU,1697
AU,1698
AU,1699
AU,1700
AU,1701
AU,1702
AU,1703
AU,1704
AU,1705
AU,1706
AU,1707
AU,1708
AU,1709
AU,1710
AU,1711
AU,1712
AU,1713
AU,1714
AU,1715
AU,1716
AU,1717
AU,1718
AU,1719
AU,1720
AU,1721
AU,1722
AU,1723
AU,1724
AU,1725
AU,1726
AU,1727
AU,1728
AU,1729
AU,1730
AU,1731
AU,1732
AU,1733
AU,1734
AU,1735
AU,1736
AU,1737
AU,1738
AU,1739
AU,1740
AU,1741
AU,1742
AU,1743
AU,1744
AU,1745
AU,1746
AU,1747
AU,1748
AU,1749
AU,1750
AU,1751
AU,1752
AU,1753
AU,1754
AU,1755
AU,1756
AU,1757
AU,1758
AU,1759
AU,1760
AU,1761
AU,1762
AU,1763
AU,1764
AU,1765
AU,1766
AU,1767
AU,1768
AU,1769
AU,1770
AU,1771
AU,1772
AU,1773
AU,1774
AU,1775
AU,1776
AU,1777
AU,1778
AU,1779
AU,1780
AU,1781
AU,1782
AU,1783
AU,1784
AU,1785
AU,1786
AU,1787
AU,1788
AU,1789
AU,1790
AU,1791
AU,1792
AU,1793
AU,1794
AU,1795
AU,1796
AU,1797
AU,1798
AU,1799
AU,1800
AU,1801
AU,1802
AU,1803
AU,1804
AU,1805
AU,1806
AU,1807
AU,1808
AU,1809
AU,1810
AU,1811
AU,1812
AU,1813
AU,1814
AU,1815
AU,1816
AU,1817
AU,1818
AU,1819
AU,1820
AU,1821
AU,1822
AU,1823
AU,1824
AU,1825
AU,1826
AU,1827
AU,1828
AU,1829
AU,1830
AU,1831
AU,1832
AU,1833
AU,1834
AU,1835
AU,1836
AU,1837
AU,1838
AU,1839
AU,1840
AU,1841
AU,1842
AU,1843
AU,1844
AU,1845
AU,1846
AU,1847
AU,1848
AU,1849
AU,1850
AU,1851
AU,1852
AU,1853
AU,1854
AU,1855
AU,1856
AU,1857
AU,1858
AU,1859
AU,1860
AU,1861
AU,1862
AU,1863
AU,1864
AU,1865
AU,1866
AU,1867
AU,1868
AU,1869
AU,1870
AU,1871
AU,1872
AU,1873
AU,1874
AU,1875
AU,1876
AU,1877
AU,1878
AU,1879
AU,1880
AU,1881
AU,1882
AU,1883
AU,1884
AU,1885
AU,1886
AU,1887
AU,1888
AU,1889
AU,1890
AU,1891
AU,1892
AU,1893
AU,1894
AU,1895
AU,1896
AU,1897
AU,1898
AU,1899
AU,1900
AU,1901
AU,1902
AU,1903
AU,1904
AU,1905
AU,1906
AU,1907
AU,1908
AU,1909
AU,1910
AU,1911
AU,1912
AU,1913
AU,1914
AU,1915
AU,1916
AU,1917
AU,1918
AU,1919
AU,1920
AU,1921
AU,1922
AU,1923
AU,1924
AU,1925
AU,1926
AU,1927
AU,1928
AU,1929
AU,1930
AU,1931
AU,1932
AU,1933
AU,1934
AU,1935
AU,1936
AU,1937
AU,1938
AU,1939
AU,1940
AU,1941
AU,1942
AU,1943
AU,1944
AU,1945
AU,1946
AU,1947
AU,1948
AU,1949
AU,1950
AU,1951
AU,1952
AU,1953
AU,1954
AU,1955
AU,1956
AU,1957
AU,1958
AU,1959
AU,1960
AU,1961
AU,1962
AU,1963
AU,1964
AU,1965
AU,1966
AU,1967
AU,1968
AU,1969
AU,1970
AU,1971
AU,1972
AU,1973
AU,1974
AU,1975
AU,1976
AU,1977
AU,1978
AU,1979
AU,1980
AU,1981
AU,1982
AU,1983
AU,1984
AU,1985
AU,1986
AU,1987
AU,1988
AU,1989
AU,1990
AU,1991
AU,1992
AU,1993
AU,1994
AU,1995
AU,1996
AU,1997
AU,1998
AU,1999
AU,2000
AU,2001
AU,2002
AU,2003
AU,2004
AU,2005
AU,2006
AU,2007
AU,2008
AU,2009
AU,2010
AU,2011
AU,2012
AU,2013
AU,2014
AU,2015
AU,2016
AU,2017
AU,2018
AU,2019
AU,2020
AU,2021
AU,2022
AU,2023
AU,2024
AU,2025
AU,2026
AU,2027
AU,2028
AU,2029
AU,2030
AU,2031
AU,2032
AU,2033
AU,2034
AU,2035
AU,2036
AU,2037
AU,2038
AU,2039
AU,2040
AU,2041
AU,2042
AU,2043
AU,2044
AU,2045
AU,2046
AU,2047
AU,2048
AU,2049
AU,2050
AU,2051
AU,2052
AU,2053
AU,2054
AU,2055
AU,2056
AU,2057
AU,2058
AU,2059
AU,2060
AU,2061
AU,2062
AU,2063
AU,2064
AU,2065
AU,2066
AU,2067
AU,2068
AU,2069
AU,2070
AU,2071
AU,2072
AU,2073
AU,2074
AU,2075
AU,2076
AU,2077
AU,2078
AU,2079
AU,2080
AU,2081
AU,2082
AU,2083
AU,2084
AU,2085
AU,2086
AU,2087
AU,2088
AU,2089
AU,2090
AU,2091
AU,2092
AU,2093
AU,2094
AU,2095
AU,2096
AU,2097
AU,2098
AU,2099
AU,2100
AU,2101
AU,2102
AU,2103
AU,2104
AU,2105
AU,2106
AU,2107
AU,2108
AU,2109
AU,2110
AU,2111
AU,2112
AU,2113
AU,2114
AU,2115
AU,2116
AU,2117
AU,2118
AU,2119
AU,2120
AU,2121
AU,2122
AU,2123
AU,2124
AU,2125
AU,2126
AU,2127
AU,2128
AU,2129
AU,2130
AU,2131
AU,2132
AU,2133
AU,2134
AU,2135
AU,2136
AU,2137
AU,2138
AU,2139
AU,2140
AU,2141
AU,2142
AU,2143
AU,2144
AU,2145
AU,2146
AU,2147
AU,2148
AU,2149
AU,2150
AU,2151
AU,2152
AU,2153
AU,2154
AU,2155
AU,2156
AU,2157
AU,2158
AU,2159
AU,2160
AU,2161
AU,2162
AU,2163
AU,2164
AU,2165
AU,2166
AU,2167
AU,2168
AU,2169
AU,2170
AU,2171
AU,2172
AU,2173
AU,2174
AU,2175
AU,2176
AU,2177
AU,2178
AU,2179
AU,2180
AU,2181
AU,2182
AU,2183
AU,2184
AU,2185
AU,2186
AU,2187
AU,2188
AU,2189
AU,2190
AU,2191
AU,2192
AU,2193
AU,2194
AU,2195
AU,2196
AU,2197
AU,2198
AU,2199
AU,2200
AU,2201
AU,2202
AU,2203
AU,2204
AU,2205
AU,2206
AU,2207
AU,2208
AU,2209
AU,2210
AU,2211
AU,2212
AU,2213
AU,2214
AU,2215
AU,2216
AU,2217
AU,2218
AU,2219
AU,2220
AU,2221
AU,2222
AU,2223
AU,2224
AU,2225
AU,2226
AU,2227
AU,2228
AU,2229
AU,2230
AU,2231
AU,2232
AU,2233
AU,2234
AU,2235
AU,2236
AU,2237
AU,2238
AU,2239
AU,2240
AU,2241
AU,2242
AU,2243
AU,2244
AU,2245
AU,2246
AU,2247
AU,2248
AU,2249
AU,2250
AU,2251
AU,2252
AU,2253
AU,2254
AU,2255
AU,2256
AU,2257
AU,2258
AU,2259
AU,2260
AU,2261
AU,2262
AU,2263
AU,2264
AU,2265
AU,2266
AU,2267
AU,2268
AU,2269
AU,2270
AU,2271
AU,2272
AU,2273
AU,2274
AU,2275
AU,2276
AU,2277
AU,2278
AU,2279
AU,2280
AU,2281
AU,2282
AU,2283
AU,2284
AU,2285
AU,2286
AU,2287
AU,2288
AU,2289
AU,2290
AU,2291
AU,2292
AU,2293
AU,2294
AU,2295
AU,2296
AU,2297
AU,2298
AU,2299
AU,2300
AU,2301
AU,2302
AU,2303
AU,2304
AU,2305
AU,2306
AU,2307
AU,2308
AU,2309
AU,2310
AU,2311
AU,2312
AU,2313
AU,2314
AU,2315
AU,2316
AU,2317
AU,2318
AU,2319
AU,2320
AU,2321
AU,2322
AU,2323
AU,2324
AU,2325
AU,2326
AU,2327
AU,2328
AU,2329
AU,2330
AU,2331
AU,2332
AU,2333
AU,2334
AU,2335
AU,2336
AU,2337
AU,2338
AU,2339
AU,2340
AU,2341
AU,2342
AU,2343
AU,2344
AU,2345
AU,2346
AU,2347
AU,2348
AU,2349
AU,2350
AU,2351
AU,2352
AU,2353
AU,2354
AU,2355
AU,2356
AU,2357
AU,2358
AU,2359
AU,2360
AU,2361
AU,2362
AU,2363
AU,2364
AU,2365
AU,2366
AU,2367
AU,2368
AU,2369
AU,2370
AU,2371
AU,2372
AU,2373
AU,2374
AU,2375
AU,2376
AU,2377
AU,2378
AU,2379
AU,2380
AU,2381
AU,2382
AU,2383
AU,2384
AU,2385
AU,2386
AU,2387
AU,2388
AU,2389
AU,2390
AU,2391
AU,2392
AU,2393
AU,2394
AU,2395
AU,2396
AU,2397
AU,2398
AU,2399
AU,2400
AU,2401
AU,2402
AU,2403
AU,2404
AU,2405
AU,2406
AU,2407
AU,2408
AU,2409
AU,2410
AU,2411
AU,2412
AU,2413
AU,2414
AU,2415
AU,2416
AU,2417
AU,2418
AU,2419
AU,2420
AU,2421
AU,2422
AU,2423
AU,2424
AU,2425
AU,2426
AU,2427
AU,2428
AU,2429
AU,2430
AU,2431
AU,2432
AU,2433
AU,2434
AU,2435
AU,2436
AU,2437
AU,2438
AU,2439
AU,2440
AU,2441
AU,2442
AU,2443
AU,2444
AU,2445
AU,2446
AU,2447
AU,2448
AU,2449
AU,2450
AU,2451
AU,2452
AU,2453
AU,2454
AU,2455
AU,2456
AU,2457
AU,2458
AU,2459
AU,2460
AU,2461
AU,2462
AU,2463
AU,2464
AU,2465
AU,2466
AU,2467
AU,2468
AU,2469
AU,2470
AU,2471
AU,2472
AU,2473
AU,2474
AU,2475
AU,2476
AU,2477
AU,2478
AU,2479
AU,2480
AU,2481
AU,2482
AU,2483
AU,2484
AU,2485
AU,2486
AU,2487
AU,2488
AU,2489
AU,2490
AU,2491
AU,2492
AU,2493
AU,2494
AU,2495
AU,2496
AU,2497
AU,2498
AU,2499
AU,2500
AU,2501
AU,2502
AU,2503
AU,2504
AU,2505
AU,2506
AU,2507
AU,2508
AU,2509
AU,2510
AU,2511
AU,2512
AU,2513
AU,2514
AU,2515
AU,2516
AU,2517
AU,2518
AU,2519
AU,2520
AU,2521
AU,2522
AU,2523
AU,2524
AU,2525
AU,2526
AU,2527
AU,2528
AU,2529
AU,2530
AU,2531
AU,2532
AU,2533
AU,2534
AU,2535
AU,2536
AU,2537
AU,2538
AU,2539
AU,2540
AU,2541
AU,2542
AU,2543
AU,2544
AU,2545
AU,2546
AU,2547
AU,2548
AU,2549
AU,2550
AU,2551
AU,2552
AU,2553
AU,2554
AU,2555
AU,2556
AU,2557
AU,2558
AU,2559
AU,2560
AU,2561
AU,2562
AU,2563
AU,2564
AU,2565
AU,2566
AU,2567
AU,2568
AU,2569
AU,2570
AU,2571
AU,2572
AU,2573
AU,2574
AU,2575
AU,2576
AU,2577
AU,2578
AU,2579
AU,2580
AU,2581
AU,2582
AU,2583
AU,2584
AU,2585
AU,2586
AU,2587
AU,2588
AU,2589
AU,2590
AU,2591
AU,2592
AU,2593
AU,2594
AU,2595
AU,2596
AU,2597
AU,2598
AU,2599
AU,2600
AU,2601
AU,2602
AU,2603
AU,2604
AU,2605
AU,2606
AU,2607
AU,2608
AU,2609
AU,2610
AU,2611
AU,2612
AU,2613
AU,2614
AU,2615
AU,2616
AU,2617
AU,2618
AU,2619
AU,2620
AU,2621
AU,2622
AU,2623
AU,2624
AU,2625
AU,2626
AU,2627
AU,2628
AU,2629
AU,2630
AU,2631
AU,2632
AU,2633
AU,2634
AU,2635
AU,2636
AU,2637
AU,2638
AU,2639
AU,2640
AU,2641
AU,2642
AU,2643
AU,2644
AU,2645
AU,2646
AU,2647
AU,2648
AU,2649
AU,2650
AU,2651
AU,2652
AU,2653
AU,2654
AU,2655
AU,2656
AU,2657
AU,2658
AU,2659
AU,2660
AU,2661
AU,2662
AU,2663
AU,2664
AU,2665
AU,2666
AU,2667
AU,2668
AU,2669
AU,2670
AU,2671
AU,2672
AU,2673
AU,2674
AU,2675
AU,2676
AU,2677
AU,2678
AU,2679
AU,2680
AU,2681
AU,2682
AU,2683
AU,2684
AU,2685
AU,2686
AU,2687
AU,2688
AU,2689
AU,2690
AU,2691
AU,2692
AU,2693
AU,2694
AU,2695
AU,2696
AU,2697
AU,2698
AU,2699
AU,2700
AU,2701
AU,2702
AU,2703
AU,2704
AU,2705
AU,2706
AU,2707
AU,2708
AU,2709
AU,2710
AU,2711
AU,2712
AU,2713
AU,2714
AU,2715
AU,2716
AU,2717
AU,2718
AU,2719
AU,2720
AU,2721
AU,2722
AU,2723
AU,2724
AU,2725
AU,2726
AU,2727
AU,2728
AU,2729
AU,2730
AU,2731
AU,2732
AU,2733
AU,2734
AU,2735
AU,2736
AU,2737
AU,2738
AU,2739
AU,2740
AU,2741
AU,2742
AU,2743
AU,2744
AU,2745
AU,2746
AU,2747
AU,2748
AU,2749
AU,2750
AU,2751
AU,2752
AU,2753
AU,2754
AU,2755
AU,2756
AU,2757
AU,2758
AU,2759
AU,2760
AU,2761
AU,2762
AU,2763
AU,2764
AU,2765
AU,2766
AU,2767
AU,2768
AU,2769
AU,2770
AU,2771
AU,2772
AU,2773
AU,2774
AU,2775
AU,2776
AU,2777
AU,2778
AU,2779
AU,2780
AU,2781
AU,2782
AU,2783
AU,2784
AU,2785
AU,2786
AU,2787
AU,2788
AU,2789
AU,2790
AU,2791
AU,2792
AU,2793
AU,2794
AU,2795
AU,2796
AU,2797
AU,2798
AU,2799
AU,2800
AU,2801
AU,2802
AU,2803
AU,2804
AU,2805
AU,2806
AU,2807
AU,2808
AU,2809
AU,2810
AU,2811
AU,2812
AU,2813
AU,2814
AU,2815
AU,2816
AU,2817
AU,2818
AU,2819
AU,2820
AU,2821
AU,2822
AU,2823
AU,2824
AU,2825
AU,2826
AU,2827
AU,2828
AU,2829
AU,2830
AU,2831
AU,2832
AU,2833
AU,2834
AU,2835
AU,2836
AU,2837
AU,2838
AU,2839
AU,2840
AU,2841
AU,2842
AU,2843
AU,2844
AU,2845
AU,2846
AU,2847
AU,2848
AU,2849
AU,2850
AU,2851
AU,2852
AU,2853
AU,2854
AU,2855
AU,2856
AU,2857
AU,2858
AU,2859
AU,2860
AU,2861
AU,2862
AU,2863
AU,2864
AU,2865
AU,2866
AU,2867
AU,2868
AU,2869
AU,2870
AU,2871
AU,2872
AU,2873
AU,2874
AU,2875
AU,2876
AU,2877
AU,2878
AU,2879
AU,2880
AU,2881
AU,2882
AU,2883
AU,2884
AU,2885
AU,2886
AU,2887
AU,2888
AU,2889
AU,2890
AU,2891
AU,2892
AU,2893
AU,2894
AU,2895
AU,2896
AU,2897
AU,2898
AU,2899
AU,2900
AU,2901
AU,2902
AU,2903
AU,2904
AU,2905
AU,2906
AU,2907
AU,2908
AU,2909
AU,2910
AU,2911
AU,2912
AU,2913
AU,2914
AU,2915
AU,2916
AU,2917
AU,2918
AU,2919
AU,2920
AU,2921
AU,2922
AU,2923
AU,2924
AU,2925
AU,2926
AU,2927
AU,2928
AU,2929
AU,2930
AU,2931
AU,2932
AU,2933
AU,2934
AU,2935
AU,2936
AU,2937
AU,2938
AU,2939
AU,2940
AU,2941
AU,2942
AU,2943
AU,2944
AU,2945
AU,2946
AU,2947
AU,2948
AU,2949
AU,2950
AU,2951
AU,2952
AU,2953
AU,2954
AU,2955
AU,2956
AU,2957
AU,2958
AU,2959
AU,2960
AU,2961
AU,2962
AU,2963
AU,2964
AU,2965
AU,2966
AU,2967
AU,2968
AU,2969
AU,2970
AU,2971
AU,2972
AU,2973
AU,2974
AU,2975
AU,2976
AU,2977
AU,2978
AU,2979
AU,2980
AU,2981
AU,2982
AU,2983
AU,2984
AU,2985
AU,2986
AU,2987
AU,2988
AU,2989
AU,2990
AU,2991
AU,2992
AU,2993
AU,2994
AU,2995
AU,2996
AU,2997
AU,2998
AU,2999
AU,3000
AU,3001
AU,3002
AU,3003
AU,3004
AU,3005
AU,3006
AU,3007
AU,3008
AU,3009
AU,3010
AU,3011
AU,3012
AU,3013
AU,3014
AU,3015
AU,3016
AU,3017
AU,3018
AU,3019
AU,3020
AU,3021
AU,3022
AU,3023
AU,3024
AU,3025
AU,3026
AU,3027
AU,3028
AU,3029
AU,3030
AU,3031
AU,3032
AU,3033
AU,3034
AU,3035
AU,3036
AU,3037
AU,3038
AU,3039
AU,3040
AU,3041
AU,3042
AU,3043
AU,3044
AU,3045
AU,3046
AU,3047
AU,3048
AU,3049
AU,3050
AU,3051
AU,3052
AU,3053
AU,3054
AU,3055
AU,3056
AU,3057
AU,3058
AU,3059
AU,3060
AU,3061
AU,3062
AU,3063
AU,3064
AU,3065
AU,3066
AU,3067
AU,3068
AU,3069
AU,3070
AU,3071
AU,3072
AU,3073
AU,3074
AU,3075
AU,3076
AU,3077
AU,3078
AU,3079
AU,3080
AU,3081
AU,3082
AU,3083
AU,3084
AU,3085
AU,3086
AU,3087
AU,3088
AU,3089
AU,3090
AU,3091
AU,3092
AU,3093
AU,3094
AU,3095
AU,3096
AU,3097
AU,3098
AU,3099
AU,3100
AU,3101
AU,3102
AU,3103
AU,3104
AU,3105
AU,3106
AU,3107
AU,3108
AU,3109
AU,3110
AU,3111
AU,3112
AU,3113
AU,3114
AU,3115
AU,3116
AU,3117
AU,3118
AU,3119
AU,3120
AU,3121
AU,3122
AU,3123
AU,3124
AU,3125
AU,3126
AU,3127
AU,3128
AU,3129
AU,3130
AU,3131
AU,3132
AU,3133
AU,3134
AU,3135
AU,3136
AU,3137
AU,3138
AU,3139
AU,3140
AU,3141
AU,3142
AU,3143
AU,3144
AU,3145
AU,3146
AU,3147
AU,3148
AU,3149
AU,3150
AU,3151
AU,3152
AU,3153
AU,3154
AU,3155
AU,3156
AU,3157
AU,3158
AU,3159
AU,3160
AU,3161
AU,3162
AU,3163
AU,3164
AU,3165
AU,3166
AU,3167
AU,3168
AU,3169
AU,3170
AU,3171
AU,3172
AU,3173
AU,3174
AU,3175
AU,3176
AU,3177
AU,3178
AU,3179
AU,3180
AU,3181
AU,3182
AU,3183
AU,3184
AU,3185
AU,3186
AU,3187
AU,3188
AU,3189
AU,3190
AU,3191
AU,3192
AU,3193
AU,3194
AU,3195
AU,3196
AU,3197
AU,3198
AU,3199
AU,3200
AU,3201
AU,3202
AU,3203
AU,3204
AU,3205
AU,3206
AU,3207
AU,3208
AU,3209
AU,3210
AU,3211
AU,3212
AU,3213
AU,3214
AU,3215
AU,3216
AU,3217
AU,3218
AU,3219
AU,3220
AU,3221
AU,3222
AU,3223
AU,3224
AU,3225
AU,3226
AU,3227
AU,3228
AU,3229
AU,3230
AU,3231
AU,3232
AU,3233
AU,3234
AU,3235
AU,3236
AU,3237
AU,3238
AU,3239
AU,3240
AU,3241
AU,3242
AU,3243
AU,3244
AU,3245
AU,3246
AU,3247
AU,3248
AU,3249
AU,3250
AU,3251
AU,3252
AU,3253
AU,3254
AU,3255
AU,3256
AU,3257
AU,3258
AU,3259
AU,3260
AU,3261
AU,3262
AU,3263
AU,3264
AU,3265
AU,3266
AU,3267
AU,3268
AU,3269
AU,3270
AU,3271
AU,3272
AU,3273
AU,3274
AU,3275
AU,3276
AU,3277
AU,3278
AU,3279
AU,3280
AU,3281
AU,3282
AU,3283
AU,3284
AU,3285
AU,3286
AU,3287
AU,3288
AU,3289
AU,3290
AU,3291
AU,3292
AU,3293
AU,3294
AU,3295
AU,3296
AU,3297
AU,3298
AU,3299
AU,3300
AU,3301
AU,3302
AU,3303
AU,3304
AU,3305
AU,3306
AU,3307
AU,3308
AU,3309
AU,3310
AU,3311
AU,3312
AU,3313
AU,3314
AU,3315
AU,3316
AU,3317
AU,3318
AU,3319
AU,3320
AU,3321
AU,3322
AU,3323
AU,3324
AU,3325
AU,3326
AU,3327
AU,3328
AU,3329
AU,3330
AU,3331
AU,3332
AU,3333
AU,3334
AU,3335
AU,3336
AU,3337
AU,3338
AU,3339
AU,3340
AU,3341
AU,3342
AU,3343
AU,3344
AU,3345
AU,3346
AU,3347
AU,3348
AU,3349
AU,3350
AU,3351
AU,3352
AU,3353
AU,3354
AU,3355
AU,3356
AU,3357
AU,3358
AU,3359
AU,3360
AU,3361
AU,3362
AU,3363
AU,3364
AU,3365
AU,3366
AU,3367
AU,3368
AU,3369
AU,3370
AU,3371
AU,3372
AU,3373
AU,3374
AU,3375
AU,3376
AU,3377
AU,3378
AU,3379
AU,3380
AU,3381
AU,3382
AU,3383
AU,3384
AU,3385
AU,3386
AU,3387
AU,3388
AU,3389
AU,3390
AU,3391
AU,3392
AU,3393
AU,3394
AU,3395
AU,3396
AU,3397
AU,3398
AU,3399
AU,3400
AU,3401
AU,3402
AU,3403
AU,3404
AU,3405
AU,3406
AU,3407
AU,3408
AU,3409
AU,3410
AU,3411
AU,3412
AU,3413
AU,3414
AU,3415
AU,3416
AU,3417
AU,3418
AU,3419
AU,3420
AU,3421
AU,3422
AU,3423
AU,3424
AU,3425
AU,3426
AU,3427
AU,3428
AU,3429
AU,3430
AU,3431
AU,3432
AU,3433
AU,3434
AU,3435
AU,3436
AU,3437
AU,3438
AU,3439
AU,3440
AU,3441
AU,3442
AU,3443
AU,3444
AU,3445
AU,3446
AU,3447
AU,3448
AU,3449
AU,3450
AU,3451
AU,3452
AU,3453
AU,3454
AU,3455
AU,3456
AU,3457
AU,3458
AU,3459
AU,3460
AU,3461
AU,3462
AU,3463
AU,3464
AU,3465
AU,3466
AU,3467
AU,3468
AU,3469
AU,3470
AU,3471
AU,3472
AU,3473
AU,3474
AU,3475
AU,3476
AU,3477
AU,3478
AU,3479
AU,3480
AU,3481
AU,3482
AU,3483
AU,3484
AU,3485
AU,3486
AU,3487
AU,3488
AU,3489
AU,3490
AU,3491
AU,3492
AU,3493
AU,3494
AU,3495
AU,3496
AU,3497
AU,3498
AU,3499
AU,3500
AU,3501
AU,3502
AU,3503
AU,3504
AU,3505
AU,3506
AU,3507
AU,3508
AU,3509
AU,3510
AU,3511
AU,3512
AU,3513
AU,3514
AU,3515
AU,3516
AU,3517
AU,3518
AU,3519
AU,3520
AU,3521
AU,3522
AU,3523
AU,3524
AU,3525
AU,3526
AU,3527
AU,3528
AU,3529
AU,3530
AU,3531
AU,3532
AU,3533
AU,3534
AU,3535
AU,3536
AU,3537
AU,3538
AU,3539
AU,3540
AU,3541
AU,3542
AU,3543
AU,3544
AU,3545
AU,3546
AU,3547
AU,3548
AU,3549
AU,3550
AU,3551
AU,3552
AU,3553
AU,3554
AU,3555
AU,3556
AU,3557
AU,3558
AU,3559
AU,3560
AU,3561
AU,3562
AU,3563
AU,3564
AU,3565
AU,3566
AU,3567
AU,3568
AU,3569
AU,3570
AU,3571
AU,3572
AU,3573
AU,3574
AU,3575
AU,3576
AU,3577
AU,3578
AU,3579
AU,3580
AU,3581
AU,3582
AU,3583
AU,3584
AU,3585
AU,3586
AU,3587
AU,3588
AU,3589
AU,3590
AU,3591
AU,3592
AU,3593
AU,3594
AU,3595
AU,3596
AU,3597
AU,3598
AU,3599
AU,3600
AU,3601
AU,3602
AU,3603
AU,3604
AU,3605
AU,3606
AU,3607
AU,3608
AU,3609
AU,3610
AU,3611
AU,3612
AU,3613
AU,3614
AU,3615
AU,3616
AU,3617
AU,3618
AU,3619
AU,3620
AU,3621
AU,3622
AU,3623
AU,3624
AU,3625
AU,3626
AU,3627
AU,3628
AU,3629
AU,3630
AU,3631
AU,3632
AU,3633
AU,3634
AU,3635
AU,3636
AU,3637
AU,3638
AU,3639
AU,3640
AU,3641
AU,3642
AU,3643
AU,3644
AU,3645
AU,3646
AU,3647
AU,3648
AU,3649
AU,3650
AU,3651
AU,3652
AU,3653
AU,3654
AU,3655
AU,3656
AU,3657
AU,3658
AU,3659
AU,3660
AU,3661
AU,3662
AU,3663
AU,3664
AU,3665
AU,3666
AU,3667
AU,3668
AU,3669
AU,3670
AU,3671
AU,3672
AU,3673
AU,3674
AU,3675
AU,3676
AU,3677
AU,3678
AU,3679
AU,3680
AU,3681
AU,3682
AU,3683
AU,3684
AU,3685
AU,3686
AU,3687
AU,3688
AU,3689
AU,3690
AU,3691
AU,3692
AU,3693
AU,3694
AU,3695
AU,3696
AU,3697
AU,3698
AU,3699
AU,3700
AU,3701
AU,3702
AU,3703
AU,3704
AU,3705
AU,3706
AU,3707
AU,3708
AU,3709
AU,3710
AU,3711
AU,3712
AU,3713
AU,3714
AU,3715
AU,3716
AU,3717
AU,3718
AU,3719
AU,3720
AU,3721
AU,3722
AU,3723
AU,3724
AU,3725
AU,3726
AU,3727
AU,3728
AU,3729
AU,3730
AU,3731
AU,3732
AU,3733
AU,3734
AU,3735
AU,3736
AU,3737
AU,3738
AU,3739
AU,3740
AU,3741
AU,3742
AU,3743
AU,3744
AU,3745
AU,3746
AU,3747
AU,3748
AU,3749
AU,3750
AU,3751
AU,3752
AU,3753
AU,3754
AU,3755
AU,3756
AU,3757
AU,3758
AU,3759
AU,3760
AU,3761
AU,3762
AU,3763
AU,3764
AU,3765
AU,3766
AU,3767
AU,3768
AU,3769
AU,3770
AU,3771
AU,3772
AU,3773
AU,3774
AU,3775
AU,3776
AU,3777
AU,3778
AU,3779
AU,3780
AU,3781
AU,3782
AU,3783
AU,3784
AU,3785
AU,3786
AU,3787
AU,3788
AU,3789
AU,3790
AU,3791
AU,3792
AU,3793
AU,3794
AU,3795
AU,3796
AU,3797
AU,3798
AU,3799
AU,3800
AU,3801
AU,3802
AU,3803
AU,3804
AU,3805
AU,3806
AU,3807
AU,3808
AU,3809
AU,3810
AU,3811
AU,3812
AU,3813
AU,3814
AU,3815
AU,3816
AU,3817
AU,3818
AU,3819
AU,3820
AU,3821
AU,3822
AU,3823
AU,3824
AU,3825
AU,3826
AU,3827
AU,3828
AU,3829
AU,3830
AU,3831
AU,3832
AU,3833
AU,3834
AU,3835
AU,3836
AU,3837
AU,3838
AU,3839
AU,3840
AU,3841
AU,3842
AU,3843
AU,3844
AU,3845
AU,3846
AU,3847
AU,3848
AU,3849
AU,3850
AU,3851
AU,3852
AU,3853
AU,3854
AU,3855
AU,3856
AU,3857
AU,3858
AU,3859
AU,3860
AU,3861
AU,3862
AU,3863
AU,3864
AU,3865
AU,3866
AU,3867
AU,3868
AU,3869
AU,3870
AU,3871
AU,3872
AU,3873
AU,3874
AU,3875
AU,3876
AU,3877
AU,3878
AU,3879
AU,3880
AU,3881
AU,3882
AU,3883
AU,3884
AU,3885
AU,3886
AU,3887
AU,3888
AU,3889
AU,3890
AU,3891
AU,3892
AU,3893
AU,3894
AU,3895
AU,3896
AU,3897
AU,3898
AU,3899
AU,3900
AU,3901
AU,3902
AU,3903
AU,3904
AU,3905
AU,3906
AU,3907
AU,3908
AU,3909
AU,3910
AU,3911
AU,3912
AU,3913
AU,3914
AU,3915
AU,3916
AU,3917
AU,3918
AU,3919
AU,3920
AU,3921
AU,3922
AU,3923
AU,3924
AU,3925
AU,3926
AU,3927
AU,3928
AU,3929
AU,3930
AU,3931
AU,3932
AU,3933
AU,3934
AU,3935
AU,3936
AU,3937
AU,3938
AU,3939
AU,3940
AU,3941
AU,3942
AU,3943
AU,3944
AU,3945
AU,3946
AU,3947
AU,3948
AU,3949
AU,3950
AU,3951
AU,3952
AU,3953
AU,3954
AU,3955
AU,3956
AU,3957
AU,3958
AU,3959
AU,3960
AU,3961
AU,3962
AU,3963
AU,3964
AU,3965
AU,3966
AU,3967
AU,3968
AU,3969
AU,3970
AU,3971
AU,3972
AU,3973
AU,3974
AU,3975
AU,3976
AU,3977
AU,3978
AU,3979
AU,3980
AU,3981
AU,3982
AU,3983
AU,3984
AU,3985
AU,3986
AU,3987
AU,3988
AU,3989
AU,3990
AU,3991
AU,3992
AU,3993
AU,3994
AU,3995
AU,3996
AU,3997
AU,3998
AU,3999
AU,4000
AU,4001
AU,4002
AU,4003
AU,4004
AU,4005
AU,4006
AU,4007
AU,4008
AU,4009
AU,4010
AU,4011
AU,4012
AU,4013
AU,4014
AU,4015
AU,4016
AU,4017
AU,4018
AU,4019
AU,4020
AU,4021
AU,4022
AU,4023
AU,4024
AU,4025
AU,4026
AU,4027
AU,4028
AU,4029
AU,4030
AU,4031
AU,4032
AU,4033
AU,4034
AU,4035
AU,4036
AU,4037
AU,4038
AU,4039
AU,4040
AU,4041
AU,4042
AU,4043
AU,4044
AU,4045
AU,4046
AU,4047
AU,4048
AU,4049
AU,4050
AU,4051
AU,4052
AU,4053
AU,4054
AU,4055
AU,4056
AU,4057
AU,4058
AU,4059
AU,4060
AU,4061
AU,4062
AU,4063
AU,4064
AU,4065
AU,4066
AU,4067
AU,4068
AU,4069
AU,4070
AU,4071
AU,4072
AU,4073
AU,4074
AU,4075
AU,4076
AU,4077
AU,4078
AU,4079
AU,4080
AU,4081
AU,4082
AU,4083
AU,4084
AU,4085
AU,4086
AU,4087
AU,4088
AU,4089
AU,4090
AU,4091
AU,4092
AU,4093
AU,4094
AU,4095
AU,4096
AU,4097
AU,4098
AU,4099
AU,4100
AU,4101
AU,4102
AU,4103
AU,4104
AU,4105
AU,4106
AU,4107
AU,4108
AU,4109
AU,4110
AU,4111
AU,4112
AU,4113
AU,4114
AU,4115
AU,4116
AU,4117
AU,4118
AU,4119
AU,4120
AU,4121
AU,4122
AU,4123
AU,4124
AU,4125
AU,4126
AU,4127
AU,4128
AU,4129
AU,4130
AU,4131
AU,4132
AU,4133
AU,4134
AU,4135
AU,4136
AU,4137
AU,4138
AU,4139
AU,4140
AU,4141
AU,4142
AU,4143
AU,4144
AU,4145
AU,4146
AU,4147
AU,4148
AU,4149
AU,4150
AU,4151
AU,4152
AU,4153
AU,4154
AU,4155
AU,4156
AU,4157
AU,4158
AU,4159
AU,4160
AU,4161
AU,4162
AU,4163
AU,4164
AU,4165
AU,4166
AU,4167
AU,4168
AU,4169
AU,4170
AU,4171
AU,4172
AU,4173
AU,4174
AU,4175
AU,4176
AU,4177
AU,4178
AU,4179
AU,4180
AU,4181
AU,4182
AU,4183
AU,4184
AU,4185
AU,4186
AU,4187
AU,4188
AU,4189
AU,4190
AU,4191
AU,4192
AU,4193
AU,4194
AU,4195
AU,4196
AU,4197
AU,4198
AU,4199
AU,4200
AU,4201
AU,4202
AU,4203
AU,4204
AU,4205
AU,4206
AU,4207
AU,4208
AU,4209
AU,4210
AU,4211
AU,4212
AU,4213
AU,4214
AU,4215
AU,4216
AU,4217
AU,4218
AU,4219
AU,4220
AU,4221
AU,4222
AU,4223
AU,4224
AU,4225
AU,4226
AU,4227
AU,4228
AU,4229
AU,4230
AU,4231
AU,4232
AU,4233
AU,4234
AU,4235
AU,4236
AU,4237
AU,4238
AU,4239
AU,4240
AU,4241
AU,4242
AU,4243
AU,4244
AU,4245
AU,4246
AU,4247
AU,4248
AU,4249
AU,4250
AU,4251
AU,4252
AU,4253
AU,4254
AU,4255
AU,4256
AU,4257
AU,4258
AU,4259
AU,4260
AU,4261
AU,4262
AU,4263
AU,4264
AU,4265
AU,4266
AU,4267
AU,4268
AU,4269
AU,4270
AU,4271
AU,4272
AU,4273
AU,4274
AU,4275
AU,4276
AU,4277
AU,4278
AU,4279
AU,4280
AU,4281
AU,4282
AU,4283
AU,4284
AU,4285
AU,4286
AU,4287
AU,4288
AU,4289
AU,4290
AU,4291
AU,4292
AU,4293
AU,4294
AU,4295
AU,4296
AU,4297
AU,4298
AU,4299
AU,4300
AU,4301
AU,4302
AU,4303
AU,4304
AU,4305
AU,4306
AU,4307
AU,4308
AU,4309
AU,4310
AU,4311
AU,4312
AU,4313
AU,4314
AU,4315
AU,4316
AU,4317
AU,4318
AU,4319
AU,4320
AU,4321
AU,4322
AU,4323
AU,4324
AU,4325
AU,4326
AU,4327
AU,4328
AU,4329
AU,4330
AU,4331
AU,4332
AU,4333
AU,4334
AU,4335
AU,4336
AU,4337
AU,4338
AU,4339
AU,4340
AU,4341
AU,4342
AU,4343
AU,4344
AU,4345
AU,4346
AU,4347
AU,4348
AU,4349
AU,4350
AU,4351
AU,4352
AU,4353
AU,4354
AU,4355
AU,4356
AU,4357
AU,4358
AU,4359
AU,4360
AU,4361
AU,4362
AU,4363
AU,4364
AU,4365
AU,4366
AU,4367
AU,4368
AU,4369
AU,4370
AU,4371
AU,4372
AU,4373
AU,4374
AU,4375
AU,4376
AU,4377
AU,4378
AU,4379
AU,4380
AU,4381
AU,4382
AU,4383
AU,4384
AU,4385
AU,4386
AU,4387
AU,4388
AU,4389
AU,4390
AU,4391
AU,4392
AU,4393
AU,4394
AU,4395
AU,4396
AU,4397
AU,4398
AU,4399
AU,4400
AU,4401
AU,4402
AU,4403
AU,4404
AU,4405
AU,4406
AU,4407
AU,4408
AU,4409
AU,4410
AU,4411
AU,4412
AU,4413
AU,4414
AU,4415
AU,4416
AU,4417
AU,4418
AU,4419
AU,4420
AU,4421
AU,4422
AU,4423
AU,4424
AU,4425
AU,4426
AU,4427
AU,4428
AU,4429
AU,4430
AU,4431
AU,4432
AU,4433
AU,4434
AU,4435
AU,4436
AU,4437
AU,4438
AU,4439
AU,4440
AU,4441
AU,4442
AU,4443
AU,4444
AU,4445
AU,4446
AU,4447
AU,4448
AU,4449
AU,4450
AU,4451
AU,4452
AU,4453
AU,4454
AU,4455
AU,4456
AU,4457
AU,4458
AU,4459
AU,4460
AU,4461
AU,4462
AU,4463
AU,4464
AU,4465
AU,4466
AU,4467
AU,4468
AU,4469
AU,4470
AU,4471
AU,4472
AU,4473
AU,4474
AU,4475
AU,4476
AU,4477
AU,4478
AU,4479
AU,4480
AU,4481
AU,4482
AU,4483
AU,4484
AU,4485
AU,4486
AU,4487
AU,4488
AU,4489
AU,4490
AU,4491
AU,4492
AU,4493
AU,4494
AU,4495
AU,4496
AU,4497
AU,4498
AU,4499
AU,4500
AU,4501
AU,4502
AU,4503
AU,4504
AU,4505
AU,4506
AU,4507
AU,4508
AU,4509
AU,4510
AU,4511
AU,4512
AU,4513
AU,4514
AU,4515
AU,4516
AU,4517
AU,4518
AU,4519
AU,4520
AU,4521
AU,4522
AU,4523
AU,4524
AU,4525
AU,4526
AU,4527
AU,4528
AU,4529
AU,4530
AU,4531
AU,4532
AU,4533
AU,4534
AU,4535
AU,4536
AU,4537
AU,4538
AU,4539
AU,4540
AU,4541
AU,4542
AU,4543
AU,4544
AU,4545
AU,4546
AU,4547
AU,4548
AU,4549
AU,4550
AU,4551
AU,4552
AU,4553
AU,4554
AU,4555
AU,4556
AU,4557
AU,4558
AU,4559
AU,4560
AU,4561
AU,4562
AU,4563
AU,4564
AU,4565
AU,4566
AU,4567
AU,4568
AU,4569
AU,4570
AU,4571
AU,4572
AU,4573
AU,4574
AU,4575
AU,4576
AU,4577
AU,4578
AU,4579
AU,4580
AU,4581
AU,4582
AU,4583
AU,4584
AU,4585
AU,4586
AU,4587
AU,4588
AU,4589
AU,4590
AU,4591
AU,4592
AU,4593
AU,4594
AU,4595
AU,4596
AU,4597
AU,4598
AU,4599
AU,4600
AU,4601
AU,4602
AU,4603
AU,4604
AU,4605
AU,4606
AU,4607
AU,4608
AU,4609
AU,4610
AU,4611
AU,4612
AU,4613
AU,4614
AU,4615
AU,4616
AU,4617
AU,4618
AU,4619
AU,4620
AU,4621
AU,4622
AU,4623
AU,4624
AU,4625
AU,4626
AU,4627
AU,4628
AU,4629
AU,4630
AU,4631
AU,4632
AU,4633
AU,4634
AU,4635
AU,4636
AU,4637
AU,4638
AU,4639
AU,4640
AU,4641
AU,4642
AU,4643
AU,4644
AU,4645
AU,4646
AU,4647
AU,4648
AU,4649
AU,4650
AU,4651
AU,4652
AU,4653
AU,4654
AU,4655
AU,4656
AU,4657
AU,4658
AU,4659
AU,4660
AU,4661
AU,4662
AU,4663
AU,4664
AU,4665
AU,4666
AU,4667
AU,4668
AU,4669
AU,4670
AU,4671
AU,4672
AU,4673
AU,4674
AU,4675
AU,4676
AU,4677
AU,4678
AU,4679
AU,4680
AU,4681
AU,4682
AU,4683
AU,4684
AU,4685
AU,4686
AU,4687
AU,4688
AU,4689
AU,4690
AU,4691
AU,4692
AU,4693
AU,4694
AU,4695
AU,4696
AU,4697
AU,4698
AU,4699
AU,4700
AU,4701
AU,4702
AU,4703
AU,4704
AU,4705
AU,4706
AU,4707
AU,4708
AU,4709
AU,4710
AU,4711
AU,4712
AU,4713
AU,4714
AU,4715
AU,4716
AU,4717
AU,4718
AU,4719
AU,4720
AU,4721
AU,4722
AU,4723
AU,4724
AU,4725
AU,4726
AU,4727
AU,4728
AU,4729
AU,4730
AU,4731
AU,4732
AU,4733
AU,4734
AU,4735
AU,4736
AU,4737
AU,4738
AU,4739
AU,4740
AU,4741
AU,4742
AU,4743
AU,4744
AU,4745
AU,4746
AU,4747
AU,4748
AU,4749
AU,4750
AU,4751
AU,4752
AU,4753
AU,4754
AU,4755
AU,4756
AU,4757
AU,4758
AU,4759
AU,4760
AU,4761
AU,4762
AU,4763
AU,4764
AU,4765
AU,4766
AU,4767
AU,4768
AU,4769
AU,4770
AU,4771
AU,4772
AU,4773
AU,4774
AU,4775
AU,4776
AU,4777
AU,4778
AU,4779
AU,4780
AU,4781
AU,4782
AU,4783
AU,4784
AU,4785
AU,4786
AU,4787
AU,4788
AU,4789
AU,4790
AU,4791
AU,4792
AU,4793
AU,4794
AU,4795
AU,4796
AU,4797
AU,4798
AU,4799
AU,4800
AU,4801
AU,4802
AU,4803
AU,4804
AU,4805
AU,4806
AU,4807
AU,4808
AU,4809
AU,4810
AU,4811
AU,4812
AU,4813
AU,4814
AU,4815
AU,4816
AU,4817
AU,4818
AU,4819
AU,4820
AU,4821
AU,4822
AU,4823
AU,4824
AU,4825
AU,4826
AU,4827
AU,4828
AU,4829
AU,4830
AU,4831
AU,4832
AU,4833
AU,4834
AU,4835
AU,4836
AU,4837
AU,4838
AU,4839
AU,4840
AU,4841
AU,4842
AU,4843
AU,4844
AU,4845
AU,4846
AU,4847
AU,4848
AU,4849
AU,4850
AU,4851
AU,4852
AU,4853
AU,4854
AU,4855
AU,4856
AU,4857
AU,4858
AU,4859
AU,4860
AU,4861
AU,4862
AU,4863
AU,4864
AU,4865
AU,4866
AU,4867
AU,4868
AU,4869
AU,4870
AU,4871
AU,4872
AU,4873
AU,4874
AU,4875
AU,4876
AU,4877
AU,4878
AU,4879
AU,4880
AU,4881
AU,4882
AU,4883
AU,4884
AU,4885
AU,4886
AU,4887
AU,4888
AU,4889
AU,4890
AU,4891
AU,4892
AU,4893
AU,4894
AU,4895
AU,4896
AU,4897
AU,4898
AU,4899
AU,4900
AU,4901
AU,4902
AU,4903
AU,4904
AU,4905
AU,4906
AU,4907
AU,4908
AU,4909
AU,4910
AU,4911
AU,4912
AU,4913
AU,4914
AU,4915
AU,4916
AU,4917
AU,4918
AU,4919
AU,4920
AU,4921
AU,4922
AU,4923
AU,4924
AU,4925
AU,4926
AU,4927
AU,4928
AU,4929
AU,4930
AU,4931
AU,4932
AU,4933
AU,4934
AU,4935
AU,4936
AU,4937
AU,4938
AU,4939
AU,4940
AU,4941
AU,4942
AU,4943
AU,4944
AU,4945
AU,4946
AU,4947
AU,4948
AU,4949
AU,4950
AU,4951
AU,4952
AU,4953
AU,4954
AU,4955
AU,4956
AU,4957
AU,4958
AU,4959
AU,4960
AU,4961
AU,4962
AU,4963
AU,4964
AU,4965
AU,4966
AU,4967
AU,4968
AU,4969
AU,4970
AU,4971
AU,4972
AU,4973
AU,4974
AU,4975
AU,4976
AU,4977
AU,4978
AU,4979
AU,4980
AU,4981
AU,4982
AU,4983
AU,4984
AU,4985
AU,4986
AU,4987
AU,4988
AU,4989
AU,4990
AU,4991
AU,4992
AU,4993
AU,4994
AU,4995
AU,4996
AU,4997
AU,4998
AU,4999
AU,5000
AU,5001
AU,5002
AU,5003
AU,5004
AU,5005
AU,5006
AU,5007
AU,5008
AU,5009
AU,5010
AU,5011
AU,5012
AU,5013
AU,5014
AU,5015
AU,5016
AU,5017
AU,5018
AU,5019
AU,5020
AU,5021
AU,5022
AU,5023
AU,5024
AU,5025
AU,5026
AU,5027
AU,5028
AU,5029
AU,5030
AU,5031
AU,5032
AU,5033
AU,5034
AU,5035
AU,5036
AU,5037
AU,5038
AU,5039
AU,5040
AU,5041
AU,5042
AU,5043
AU,5044
AU,5045
AU,5046
AU,5047
AU,5048
AU,5049
AU,5050
AU,5051
AU,5052
AU,5053
AU,5054
AU,5055
AU,5056
AU,5057
AU,5058
AU,5059
AU,5060
AU,5061
AU,5062
AU,5063
AU,5064
AU,5065
AU,5066
AU,5067
AU,5068
AU,5069
AU,5070
AU,5071
AU,5072
AU,5073
AU,5074
AU,5075
AU,5076
AU,5077
AU,5078
AU,5079
AU,5080
AU,5081
AU,5082
AU,5083
AU,5084
AU,5085
AU,5086
AU,5087
AU,5088
AU,5089
AU,5090
AU,5091
AU,5092
AU,5093
AU,5094
AU,5095
AU,5096
AU,5097
AU,5098
AU,5099
AU,5100
AU,5101
AU,5102
AU,5103
AU,5104
AU,5105
AU,5106
AU,5107
AU,5108
AU,5109
AU,5110
AU,5111
AU,5112
AU,5113
AU,5114
AU,5115
AU,5116
AU,5117
AU,5118
AU,5119
AU,5120
AU,5121
AU,5122
AU,5123
AU,5124
AU,5125
AU,5126
AU,5127
AU,5128
AU,5129
AU,5130
AU,5131
AU,5132
AU,5133
AU,5134
AU,5135
AU,5136
AU,5137
AU,5138
AU,5139
AU,5140
AU,5141
AU,5142
AU,5143
AU,5144
AU,5145
AU,5146
AU,5147
AU,5148
AU,5149
AU,5150
AU,5151
AU,5152
AU,5153
AU,5154
AU,5155
AU,5156
AU,5157
AU,5158
AU,5159
AU,5160
AU,5161
AU,5162
AU,5163
AU,5164
AU,5165
AU,5166
AU,5167
AU,5168
AU,5169
AU,5170
AU,5171
AU,5172
AU,5173
AU,5174
AU,5175
AU,5176
AU,5177
AU,5178
AU,5179
AU,5180
AU,5181
AU,5182
AU,5183
AU,5184
AU,5185
AU,5186
AU,5187
AU,5188
AU,5189
AU,5190
AU,5191
AU,5192
AU,5193
AU,5194
AU,5195
AU,5196
AU,5197
AU,5198
AU,5199
AU,5200
AU,5201
AU,5202
AU,5203
AU,5204
AU,5205
AU,5206
AU,5207
AU,5208
AU,5209
AU,5210
AU,5211
AU,5212
AU,5213
AU,5214
AU,5215
AU,5216
AU,5217
AU,5218
AU,5219
AU,5220
AU,5221
AU,5222
AU,5223
AU,5224
AU,5225
AU,5226
AU,5227
AU,5228
AU,5229
AU,5230
AU,5231
AU,5232
AU,5233
AU,5234
AU,5235
AU,5236
AU,5237
AU,5238
AU,5239
AU,5240
AU,5241
AU,5242
AU,5243
AU,5244
AU,5245
AU,5246
AU,5247
AU,5248
AU,5249
AU,5250
AU,5251
AU,5252
AU,5253
AU,5254
AU,5255
AU,5256
AU,5257
AU,5258
AU,5259
AU,5260
AU,5261
AU,5262
AU,5263
AU,5264
AU,5265
AU,5266
AU,5267
AU,5268
AU,5269
AU,5270
AU,5271
AU,5272
AU,5273
AU,5274
AU,5275
AU,5276
AU,5277
AU,5278
AU,5279
AU,5280
AU,5281
AU,5282
AU,5283
AU,5284
AU,5285
AU,5286
AU,5287
AU,5288
AU,5289
AU,5290
AU,5291
AU,5292
AU,5293
AU,5294
AU,5295
AU,5296
AU,5297
AU,5298
AU,5299
AU,5300
AU,5301
AU,5302
AU,5303
AU,5304
AU,5305
AU,5306
AU,5307
AU,5308
AU,5309
AU,5310
AU,5311
AU,5312
AU,5313
AU,5314
AU,5315
AU,5316
AU,5317
AU,5318
AU,5319
AU,5320
AU,5321
AU,5322
AU,5323
AU,5324
AU,5325
AU,5326
AU,5327
AU,5328
AU,5329
AU,5330
AU,5331
AU,5332
AU,5333
AU,5334
AU,5335
AU,5336
AU,5337
AU,5338
AU,5339
AU,5340
AU,5341
AU,5342
AU,5343
AU,5344
AU,5345
AU,5346
AU,5347
AU,5348
AU,5349
AU,5350
AU,5351
AU,5352
AU,5353
AU,5354
AU,5355
AU,5356
AU,5357
AU,5358
AU,5359
AU,5360
AU,5361
AU,5362
AU,5363
AU,5364
AU,5365
AU,5366
AU,5367
AU,5368
AU,5369
AU,5370
AU,5371
AU,5372
AU,5373
AU,5374
AU,5375
AU,5376
AU,5377
AU,5378
AU,5379
AU,5380
AU,5381
AU,5382
AU,5383
AU,5384
AU,5385
AU,5386
AU,5387
AU,5388
AU,5389
AU,5390
AU,5391
AU,5392
AU,5393
AU,5394
AU,5395
AU,5396
AU,5397
AU,5398
AU,5399
AU,5400
AU,5401
AU,5402
AU,5403
AU,5404
AU,5405
AU,5406
AU,5407
AU,5408
AU,5409
AU,5410
AU,5411
AU,5412
AU,5413
AU,5414
AU,5415
AU,5416
AU,5417
AU,5418
AU,5419
AU,5420
AU,5421
AU,5422
AU,5423
AU,5424
AU,5425
AU,5426
AU,5427
AU,5428
AU,5429
AU,5430
AU,5431
AU,5432
AU,5433
AU,5434
AU,5435
AU,5436
AU,5437
AU,5438
AU,5439
AU,5440
AU,5441
AU,5442
AU,5443
AU,5444
AU,5445
AU,5446
AU,5447
AU,5448
AU,5449
AU,5450
AU,5451
AU,5452
AU,5453
AU,5454
AU,5455
AU,5456
AU,5457
AU,5458
AU,5459
AU,5460
AU,5461
AU,5462
AU,5463
AU,5464
AU,5465
AU,5466
AU,5467
AU,5468
AU,5469
AU,5470
AU,5471
AU,5472
AU,5473
AU,5474
AU,5475
AU,5476
AU,5477
AU,5478
AU,5479
AU,5480
AU,5481
AU,5482
AU,5483
AU,5484
AU,5485
AU,5486
AU,5487
AU,5488
AU,5489
AU,5490
AU,5491
AU,5492
AU,5493
AU,5494
AU,5495
AU,5496
AU,5497
AU,5498
AU,5499
AU,5500
AU,5501
AU,5502
AU,5503
AU,5504
AU,5505
AU,5506
AU,5507
AU,5508
AU,5509
AU,5510
AU,5511
AU,5512
AU,5513
AU,5514
AU,5515
AU,5516
AU,5517
AU,5518
AU,5519
AU,5520
AU,5521
AU,5522
AU,5523
AU,5524
AU,5525
AU,5526
AU,5527
AU,5528
AU,5529
AU,5530
AU,5531
AU,5532
AU,5533
AU,5534
AU,5535
AU,5536
AU,5537
AU,5538
AU,5539
AU,5540
AU,5541
AU,5542
AU,5543
AU,5544
AU,5545
AU,5546
AU,5547
AU,5548
AU,5549
AU,5550
AU,5551
AU,5552
AU,5553
AU,5554
AU,5555
AU,5556
AU,5557
AU,5558
AU,5559
AU,5560
AU,5561
AU,5562
AU,5563
AU,5564
AU,5565
AU,5566
AU,5567
AU,5568
AU,5569
AU,5570
AU,5571
AU,5572
AU,5573
AU,5574
AU,5575
AU,5576
AU,5577
AU,5578
AU,5579
AU,5580
AU,5581
AU,5582
AU,5583
AU,5584
AU,5585
AU,5586
AU,5587
AU,5588
AU,5589
AU,5590
AU,5591
AU,5592
AU,5593
AU,5594
AU,5595
AU,5596
AU,5597
AU,5598
AU,5599
AU,5600
AU,5601
AU,5602
AU,5603
AU,5604
AU,5605
AU,5606
AU,5607
AU,5608
AU,5609
AU,5610
AU,5611
AU,5612
AU,5613
AU,5614
AU,5615
AU,5616
AU,5617
AU,5618
AU,5619
AU,5620
AU,5621
AU,5622
AU,5623
AU,5624
AU,5625
AU,5626
AU,5627
AU,5628
AU,5629
AU,5630
AU,5631
AU,5632
AU,5633
AU,5634
AU,5635
AU,5636
AU,5637
AU,5638
AU,5639
AU,5640
AU,5641
AU,5642
AU,5643
AU,5644
AU,5645
AU,5646
AU,5647
AU,5648
AU,5649
AU,5650
AU,5651
AU,5652
AU,5653
AU,5654
AU,5655
AU,5656
AU,5657
AU,5658
AU,5659
AU,5660
AU,5661
AU,5662
AU,5663
AU,5664
AU,5665
AU,5666
AU,5667
AU,5668
AU,5669
AU,5670
AU,5671
AU,5672
AU,5673
AU,5674
AU,5675
AU,5676
AU,5677
AU,5678
AU,5679
AU,5680
AU,5681
AU,5682
AU,5683
AU,5684
AU,5685
AU,5686
AU,5687
AU,5688
AU,5689
AU,5690
AU,5691
AU,5692
AU,5693
AU,5694
AU,5695
AU,5696
AU,5697
AU,5698
AU,5699
AU,5700
AU,5701
AU,5702
AU,5703
NZ,5704
AU,5705
AU,5706
AU,5707
AU,5708
AU,5709
AU,5710
AU,5711
AU,5712
AU,5713
AU,5714
AU,5715
AU,5716
AU,5717
AU,5718
AU,5719
AU,5720
AU,5721
AU,5722
AU,5723
AU,5724
AU,5725
AU,5726
AU,5727
AU,5728
AU,5729
AU,5730
AU,5731
AU,5732
AU,5733
AU,5734
AU,5735
AU,5736
AU,5737
AU,5738
AU,5739
AU,5740
AU,5741
AU,5742
AU,5743
AU,5744
AU,5745
AU,5746
AU,5747
AU,5748
AU,5749
AU,5750
AU,5751
AU,5752
AU,5753
AU,5754
AU,5755
AU,5756
AU,5757
AU,5758
AU,5759
AU,5760
AU,5761
AU,5762
AU,5763
AU,5764
FR,5765
AU,5766
AU,5767
AU,5768
AU,5769
AU,5770
AU,5771
AU,5772
AU,5773
AU,5774
AU,5775
AU,5776
AU,5777
AU,5778
AU,5779
AU,5780
AU,5781
AU,5782
AU,5783
AU,5784
AU,5785
AU,5786
AU,5787
AU,5788
AU,5789
AU,5790
AU,5791
AU,5792
AU,5793
AU,5794
AU,5795
AU,5796
AU,5797
AU,5798
AU,5799
AU,5800
AU,5801
AU,5802
AU,5803
AU,5804
AU,5805
AU,5806
AU,5807
AU,5808
AU,5809
AU,5810
AU,5811
AU,5812
AU,5813
AU,5814
AU,5815
AU,5816
AU,5817
AU,5818
AU,5819
AU,5820
AU,5821
AU,5822
AU,5823
AU,5824
AU,5825
AU,5826
BE,5827
AU,5828
AU,5829
AU,5830
AU,5831
AU,5832
AU,5833
AU,5834
AU,5835
AU,5836
AU,5837
AU,5838
AU,5839
AU,5840
AU,5841
AU,5842
AU,5843
AU,5844
AU,5845
AU,5846
AU,5847
AU,5848
AU,5849
AU,5850
AU,5851
AU,5852
AU,5853
AU,5854
AU,5855
AU,5856
AU,5857
AU,5858
AU,5859
AU,5860
AU,5861
AU,5862
AU,5863
AU,5864
AU,5865
AU,5866
AU,5867
AU,5868
AU,5869
AU,5870
AU,5871
AU,5872
AU,5873
AU,5874
AU,5875
AU,5876
AU,5877
AU,5878
AU,5879
AU,5880
AU,5881
NZ,5882
AU,5883
AU,5884
AU,5885
AU,5886
AU,5887
AU,5888
AU,5889
AU,5890
AU,5891
AU,5892
AU,5893
AU,5894
AU,5895
AU,5896
AU,5897
AU,5898
AU,5899
AU,5900
AU,5901
AU,5902
AU,5903
AU,5904
AU,5905
AU,5906
AU,5907
AU,5908
AU,5909
AU,5910
AU,5911
AU,5912
AU,5913
AU,5914
AU,5915
AU,5916
AU,5917
AU,5918
AU,5919
GB,5920
AU,5921
AU,5922
AU,5923
AU,5924
AU,5925
AU,5926
AU,5927
AU,5928
AU,5929
AU,5930
AU,5931
AU,5932
AU,5933
AU,5934
AU,5935
AU,5936
AU,5937
AU,5938
AU,5939
AU,5940
AU,5941
AU,5942
AU,5943
AU,5944
AU,5945
AU,5946
AU,5947
AU,5948
AU,5949
AU,5950
FR,5951
AU,5952
AU,5953
AU,5954
AU,5955
AU,5956
AU,5957
AU,5958
AU,5959
AU,5960
AU,5961
AU,5962
AU,5963
AU,5964
AU,5965
AU,5966
AU,5967
AU,5968
AU,5969
AU,5970
FR,5971
AU,5972
AU,5973
AU,5974
AU,5975
AU,5976
AU,5977
AU,5978
AU,5979
AU,5980
AU,5981
AU,5982
AU,5983
AU,5984
AU,5985
AU,5986
AU,5987
AU,5988
AU,5989
AU,5990
AU,5991
AU,5992
AU,5993
AU,5994
AU,5995
AU,5996
AU,5997
AU,5998
AU,5999
AU,6000
AU,6001
AU,6002
AU,6003
AU,6004
AU,6005
AU,6006
AU,6007
AU,6008
AU,6009
AU,6010
AU,6011
AU,6012
AU,6013
GB,6014
AU,6015
AU,6016
AU,6017
AU,6018
AU,6019
AU,6020
AU,6021
AU,6022
AU,6023
AU,6024
AU,6025
AU,6026
AU,6027
AU,6028
AU,6029
AU,6030
AU,6031
AU,6032
AU,6033
AU,6034
AU,6035
AU,6036
AU,6037
AU,6038
CZ,6039
AU,6040
AU,6041
AU,6042
AU,6043
AU,6044
AU,6045
AU,6046
AU,6047
AU,6048
AU,6049
AU,6050
AU,6051
AU,6052
AU,6053
AU,6054
AU,6055
AU,6056
AU,6057
AU,6058
AU,6059
AU,6060
AU,6061
AU,6062
AU,6063
AU,6064
AU,6065
AU,6066
AU,6067
AU,6068
AU,6069
AU,6070
AU,6071
AU,6072
AU,6073
AU,6074
AU,6075
AU,6076
AU,6077
AU,6078
AU,6079
US,6080
AU,6081
AU,6082
AU,6083
AU,6084
AU,6085
AU,6086
AU,6087
AU,6088
AU,6089
AU,6090
AU,6091
AU,6092
AU,6093
AU,6094
AU,6095
AU,6096
AU,6097
AU,6098
AU,6099
AU,6100
AU,6101
AU,6102
AU,6103
AU,6104
AU,6105
AU,6106
AU,6107
AU,6108
DE,6109
AU,6110
AU,6111
AU,6112
AU,6113
AU,6114
AU,6115
AU,6116
AU,6117
AU,6118
AU,6119
AU,6120
AU,6121
AU,6122
AU,6123
AU,6124
AU,6125
AU,6126
AU,6127
AU,6128
AU,6129
AU,6130
AU,6131
AU,6132
AU,6133
AU,6134
AU,6135
AU,6136
AU,6137
AU,6138
AU,6139
AU,6140
AU,6141
AU,6142
AU,6143
AU,6144
AU,6145
AU,6146
AU,6147
AU,6148
AU,6149
AU,6150
AU,6151
AU,6152
AU,6153
AU,6154
AU,6155
AU,6156
AU,6157
AU,6158
AU,6159
AU,6160
AU,6161
AU,6162
AU,6163
AU,6164
AU,6165
AU,6166
AU,6167
AU,6168
AU,6169
AU,6170
AU,6171
AU,6172
AU,6173
AU,6174
AU,6175
AU,6176
AU,6177
AU,6178
AU,6179
AU,6180
AU,6181
AU,6182
AU,6183
AU,6184
AU,6185
AU,6186
AU,6187
AU,6188
AU,6189
AU,6190
AU,6191
AU,6192
AU,6193
AU,6194
AU,6195
AU,6196
AU,6197
AU,6198
AU,6199
AU,6200
AU,6201
AU,6202
AU,6203
AU,6204
AU,6205
AU,6206
AU,6207
AU,6208
AU,6209
AU,6210
AU,6211
AU,6212
AU,6213
AU,6214
AU,6215
AU,6216
AU,6217
AU,6218
AU,6219
AU,6220
AU,6221
AU,6222
AU,6223
AU,6224
AU,6225
AU,6226
AU,6227
AU,6228
AU,6229
AU,6230
AU,6231
AU,6232
AU,6233
AU,6234
AU,6235
AU,6236
AU,6237
AU,6238
AU,6239
AU,6240
AU,6241
AU,6242
AU,6243
AU,6244
AU,6245
AU,6246
AU,6247
AU,6248
AU,6249
AU,6250
AU,6251
AU,6252
AU,6253
AU,6254
AU,6255
AU,6256
AU,6257
AU,6258
AU,6259
AU,6260
AU,6261
AU,6262
AU,6263
AU,6264
AU,6265
AU,6266
AU,6267
AU,6268
AU,6269
AU,6270
AU,6271
AU,6272
AU,6273
AU,6274
AU,6275
AU,6276
AU,6277
AU,6278
AU,6279
AU,6280
AU,6281
AU,6282
AU,6283
AU,6284
AU,6285
AU,6286
AU,6287
AU,6288
AU,6289
AU,6290
AU,6291
AU,6292
AU,6293
AU,6294
AU,6295
AU,6296
AU,6297
AU,6298
AU,6299
AU,6300
AU,6301
AU,6302
AU,6303
AU,6304
AU,6305
AU,6306
AU,6307
AU,6308
AU,6309
AU,6310
AU,6311
AU,6312
AU,6313
AU,6314
AU,6315
AU,6316
AU,6317
AU,6318
AU,6319
AU,6320
AU,6321
AU,6322
AU,6323
AU,6324
AU,6325
AU,6326
AU,6327
AU,6328
AU,6329
AU,6330
AU,6331
AU,6332
AU,6333
AU,6334
AU,6335
AU,6336
AU,6337
AU,6338
AU,6339
AU,6340
AU,6341
AU,6342
AU,6343
AU,6344
AU,6345
AU,6346
AU,6347
AU,6348
AU,6349
AU,6350
AU,6351
AU,6352
AU,6353
AU,6354
AU,6355
AU,6356
AU,6357
AU,6358
AU,6359
AU,6360
AU,6361
AU,6362
AU,6363
AU,6364
AU,6365
AU,6366
AU,6367
AU,6368
AU,6369
AU,6370
AU,6371
AU,6372
AU,6373
AU,6374
AU,6375
AU,6376
AU,6377
AU,6378
AU,6379
AU,6380
AU,6381
AU,6382
AU,6383
AU,6384
AU,6385
AU,6386
AU,6387
AU,6388
AU,6389
AU,6390
AU,6391
AU,6392
AU,6393
AU,6394
AU,6395
AU,6396
AU,6397
AU,6398
AU,6399
AU,6400
AU,6401
AU,6402
AU,6403
AU,6404
AU,6405
AU,6406
AU,6407
AU,6408
AU,6409
AU,6410
AU,6411
AU,6412
AU,6413
AU,6414
AU,6415
AU,6416
AU,6417
AU,6418
AU,6419
AU,6420
AU,6421
AU,6422
AU,6423
AU,6424
AU,6425
AU,6426
AU,6427
AU,6428
AU,6429
AU,6430
AU,6431
AU,6432
AU,6433
AU,6434
AU,6435
AU,6436
AU,6437
AU,6438
AU,6439
AU,6440
AU,6441
AU,6442
AU,6443
AU,6444
AU,6445
AU,6446
AU,6447
AU,6448
AU,6449
AU,6450
AU,6451
AU,6452
AU,6453
AU,6454
AU,6455
AU,6456
AU,6457
AU,6458
AU,6459
AU,6460
AU,6461
AU,6462
AU,6463
AU,6464
AU,6465
AU,6466
AU,6467
AU,6468
AU,6469
AU,6470
AU,6471
AU,6472
AU,6473
AU,6474
AU,6475
AU,6476
AU,6477
AU,6478
AU,6479
AU,6480
AU,6481
AU,6482
AU,6483
AU,6484
AU,6485
AU,6486
AU,6487
AU,6488
AU,6489
AU,6490
AU,6491
AU,6492
AU,6493
AU,6494
AU,6495
AU,6496
AU,6497
AU,6498
AU,6499
AU,6500
AU,6501
AU,6502
AU,6503
AU,6504
AU,6505
AU,6506
AU,6507
AU,6508
AU,6509
AU,6510
AU,6511
AU,6512
AU,6513
AU,6514
AU,6515
AU,6516
AU,6517
AU,6518
AU,6519
AU,6520
AU,6521
AU,6522
AU,6523
AU,6524
AU,6525
AU,6526
AU,6527
AU,6528
AU,6529
AU,6530
AU,6531
AU,6532
AU,6533
AU,6534
AU,6535
AU,6536
AU,6537
AU,6538
AU,6539
AU,6540
AU,6541
AU,6542
AU,6543
AU,6544
AU,6545
AU,6546
AU,6547
AU,6548
AU,6549
AU,6550
AU,6551
AU,6552
AU,6553
AU,6554
AU,6555
AU,6556
AU,6557
AU,6558
AU,6559
AU,6560
AU,6561
AU,6562
AU,6563
AU,6564
AU,6565
AU,6566
AU,6567
AU,6568
AU,6569
AU,6570
AU,6571
AU,6572
AU,6573
AU,6574
AU,6575
AU,6576
AU,6577
AU,6578
AU,6579
AU,6580
AU,6581
AU,6582
AU,6583
AU,6584
AU,6585
AU,6586
AU,6587
AU,6588
AU,6589
AU,6590
AU,6591
AU,6592
AU,6593
AU,6594
AU,6595
AU,6596
AU,6597
AU,6598
AU,6599
AU,6600
AU,6601
AU,6602
AU,6603
AU,6604
AU,6605
AU,6606
AU,6607
AU,6608
AU,6609
AU,6610
AU,6611
AU,6612
AU,6613
AU,6614
AU,6615
AU,6616
AU,6617
AU,6618
AU,6619
AU,6620
AU,6621
AU,6622
AU,6623
AU,6624
AU,6625
AU,6626
AU,6627
AU,6628
AU,6629
AU,6630
AU,6631
AU,6632
AU,6633
AU,6634
AU,6635
AU,6636
AU,6637
AU,6638
AU,6639
AU,6640
AU,6641
AU,6642
AU,6643
AU,6644
AU,6645
AU,6646
AU,6647
AU,6648
AU,6649
AU,6650
AU,6651
AU,6652
AU,6653
AU,6654
AU,6655
AU,6656
AU,6657
AU,6658
AU,6659
AU,6660
AU,6661
AU,6662
AU,6663
AU,6664
AU,6665
AU,6666
AU,6667
AU,6668
AU,6669
AU,6670
AU,6671
AU,6672
AU,6673
AU,6674
AU,6675
AU,6676
AU,6677
AU,6678
AU,6679
AU,6680
AU,6681
AU,6682
AU,6683
AU,6684
AU,6685
AU,6686
AU,6687
AU,6688
AU,6689
AU,6690
AU,6691
AU,6692
AU,6693
AU,6694
AU,6695
AU,6696
AU,6697
AU,6698
AU,6699
AU,6700
AU,6701
AU,6702
AU,6703
AU,6704
AU,6705
AU,6706
AU,6707
AU,6708
AU,6709
AU,6710
AU,6711
AU,6712
AU,6713
AU,6714
AU,6715
AU,6716
AU,6717
AU,6718
AU,6719
AU,6720
AU,6721
AU,6722
AU,6723
AU,6724
AU,6725
AU,6726
AU,6727
AU,6728
AU,6729
AU,6730
AU,6731
AU,6732
AU,6733
AU,6734
AU,6735
AU,6736
AU,6737
AU,6738
AU,6739
AU,6740
AU,6741
AU,6742
AU,6743
AU,6744
AU,6745
AU,6746
AU,6747
AU,6748
AU,6749
AU,6750
AU,6751
AU,6752
AU,6753
AU,6754
AU,6755
AU,6756
AU,6757
AU,6758
AU,6759
AU,6760
AU,6761
AU,6762
AU,6763
AU,6764
AU,6765
AU,6766
AU,6767
AU,6768
AU,6769
AU,6770
AU,6771
AU,6772
AU,6773
AU,6774
AU,6775
AU,6776
AU,6777
AU,6778
AU,6779
AU,6780
AU,6781
AU,6782
AU,6783
AU,6784
AU,6785
AU,6786
AU,6787
AU,6788
AU,6789
AU,6790
AU,6791
AU,6792
AU,6793
AU,6794
AU,6795
AU,6796
AU,6797
AU,6798
AU,6799
AU,6800
AU,6801
AU,6802
AU,6803
AU,6804
AU,6805
AU,6806
AU,6807
AU,6808
AU,6809
AU,6810
AU,6811
AU,6812
AU,6813
AU,6814
AU,6815
AU,6816
AU,6817
AU,6818
AU,6819
AU,6820
AU,6821
AU,6822
AU,6823
AU,6824
AU,6825
AU,6826
AU,6827
AU,6828
AU,6829
AU,6830
AU,6831
AU,6832
AU,6833
AU,6834
AU,6835
AU,6836
AU,6837
AU,6838
AU,6839
AU,6840
AU,6841
AU,6842
AU,6843
AU,6844
AU,6845
AU,6846
AU,6847
AU,6848
AU,6849
AU,6850
AU,6851
AU,6852
AU,6853
AU,6854
AU,6855
AU,6856
AU,6857
AU,6858
AU,6859
AU,6860
AU,6861
AU,6862
AU,6863
AU,6864
AU,6865
AU,6866
AU,6867
AU,6868
AU,6869
AU,6870
AU,6871
AU,6872
AU,6873
AU,6874
AU,6875
AU,6876
AU,6877
AU,6878
AU,6879
AU,6880
AU,6881
AU,6882
AU,6883
AU,6884
AU,6885
AU,6886
AU,6887
AU,6888
AU,6889
AU,6890
AU,6891
AU,6892
AU,6893
AU,6894
AU,6895
AU,6896
AU,6897
AU,6898
AU,6899
AU,6900
AU,6901
AU,6902
AU,6903
AU,6904
AU,6905
AU,6906
AU,6907
AU,6908
AU,6909
AU,6910
AU,6911
AU,6912
AU,6913
AU,6914
AU,6915
AU,6916
AU,6917
AU,6918
AU,6919
AU,6920
AU,6921
AU,6922
AU,6923
AU,6924
AU,6925
AU,6926
AU,6927
AU,6928
AU,6929
AU,6930
AU,6931
AU,6932
AU,6933
AU,6934
AU,6935
AU,6936
AU,6937
AU,6938
AU,6939
AU,6940
AU,6941
AU,6942
AU,6943
AU,6944
AU,6945
AU,6946
AU,6947
AU,6948
AU,6949
AU,6950
AU,6951
AU,6952
AU,6953
AU,6954
AU,6955
AU,6956
AU,6957
AU,6958
AU,6959
AU,6960
AU,6961
AU,6962
AU,6963
AU,6964
AU,6965
AU,6966
AU,6967
AU,6968
AU,6969
AU,6970
AU,6971
AU,6972
AU,6973
AU,6974
AU,6975
AU,6976
AU,6977
AU,6978
AU,6979
AU,6980
AU,6981
AU,6982
AU,6983
AU,6984
AU,6985
AU,6986
AU,6987
AU,6988
AU,6989
AU,6990
AU,6991
AU,6992
AU,6993
AU,6994
AU,6995
AU,6996
AU,6997
AU,6998
AU,6999
AU,7000
AU,7001
AU,7002
AU,7003
AU,7004
AU,7005
AU,7006
AU,7007
AU,7008
AU,7009
AU,7010
AU,7011
AU,7012
AU,7013
AU,7014
AU,7015
AU,7016
AU,7017
AU,7018
AU,7019
AU,7020
AU,7021
AU,7022
AU,7023
AU,7024
AU,7025
AU,7026
AU,7027
AU,7028
AU,7029
AU,7030
AU,7031
AU,7032
AU,7033
AU,7034
AU,7035
AU,7036
AU,7037
AU,7038
AU,7039
AU,7040
AU,7041
AU,7042
AU,7043
AU,7044
AU,7045
AU,7046
AU,7047
AU,7048
AU,7049
AU,7050
AU,7051
AU,7052
AU,7053
AU,7054
AU,7055
AU,7056
AU,7057
AU,7058
AU,7059
AU,7060
AU,7061
AU,7062
AU,7063
AU,7064
AU,7065
AU,7066
AU,7067
AU,7068
AU,7069
AU,7070
AU,7071
AU,7072
AU,7073
AU,7074
AU,7075
AU,7076
AU,7077
AU,7078
AU,7079
AU,7080
AU,7081
AU,7082
AU,7083
AU,7084
AU,7085
AU,7086
AU,7087
AU,7088
AU,7089
AU,7090
AU,7091
AU,7092
AU,7093
AU,7094
AU,7095
AU,7096
AU,7097
AU,7098
AU,7099
AU,7100
AU,7101
AU,7102
AU,7103
AU,7104
AU,7105
AU,7106
AU,7107
AU,7108
AU,7109
AU,7110
AU,7111
AU,7112
AU,7113
AU,7114
AU,7115
AU,7116
AU,7117
AU,7118
AU,7119
AU,7120
AU,7121
AU,7122
AU,7123
AU,7124
AU,7125
AU,7126
AU,7127
AU,7128
AU,7129
AU,7130
AU,7131
AU,7132
AU,7133
AU,7134
AU,7135
AU,7136
AU,7137
AU,7138
AU,7139
AU,7140
AU,7141
AU,7142
AU,7143
AU,7144
AU,7145
AU,7146
AU,7147
AU,7148
AU,7149
AU,7150
AU,7151
AU,7152
AU,7153
AU,7154
AU,7155
AU,7156
AU,7157
AU,7158
AU,7159
AU,7160
AU,7161
AU,7162
AU,7163
AU,7164
AU,7165
AU,7166
AU,7167
AU,7168
AU,7169
AU,7170
AU,7171
AU,7172
AU,7173
AU,7174
AU,7175
AU,7176
AU,7177
AU,7178
AU,7179
AU,7180
AU,7181
AU,7182
AU,7183
AU,7184
AU,7185
AU,7186
AU,7187
AU,7188
AU,7189
AU,7190
AU,7191
AU,7192
AU,7193
AU,7194
AU,7195
AU,7196
AU,7197
AU,7198
AU,7199
AU,7200
AU,7201
AU,7202
AU,7203
AU,7204
AU,7205
AU,7206
AU,7207
AU,7208
AU,7209
AU,7210
AU,7211
AU,7212
AU,7213
AU,7214
AU,7215
AU,7216
AU,7217
AU,7218
AU,7219
AU,7220
AU,7221
AU,7222
AU,7223
AU,7224
AU,7225
AU,7226
AU,7227
AU,7228
AU,7229
AU,7230
AU,7231
AU,7232
AU,7233
AU,7234
AU,7235
AU,7236
AU,7237
AU,7238
AU,7239
AU,7240
AU,7241
AU,7242
AU,7243
AU,7244
AU,7245
AU,7246
AU,7247
AU,7248
AU,7249
AU,7250
AU,7251
AU,7252
AU,7253
AU,7254
AU,7255
AU,7256
AU,7257
AU,7258
AU,7259
AU,7260
AU,7261
AU,7262
AU,7263
AU,7264
AU,7265
AU,7266
AU,7267
AU,7268
AU,7269
AU,7270
AU,7271
AU,7272
AU,7273
AU,7274
AU,7275
AU,7276
AU,7277
AU,7278
AU,7279
AU,7280
AU,7281
AU,7282
AU,7283
AU,7284
AU,7285
AU,7286
AU,7287
AU,7288
AU,7289
AU,7290
AU,7291
AU,7292
AU,7293
AU,7294
AU,7295
AU,7296
AU,7297
AU,7298
AU,7299
AU,7300
AU,7301
AU,7302
AU,7303
AU,7304
AU,7305
AU,7306
AU,7307
AU,7308
AU,7309
AU,7310
AU,7311
AU,7312
AU,7313
AU,7314
AU,7315
AU,7316
AU,7317
AU,7318
AU,7319
AU,7320
AU,7321
AU,7322
AU,7323
AU,7324
AU,7325
AU,7326
AU,7327
AU,7328
AU,7329
AU,7330
AU,7331
AU,7332
AU,7333
AU,7334
AU,7335
AU,7336
AU,7337
AU,7338
AU,7339
AU,7340
AU,7341
AU,7342
AU,7343
AU,7344
AU,7345
AU,7346
AU,7347
AU,7348
AU,7349
AU,7350
AU,7351
AU,7352
AU,7353
AU,7354
AU,7355
AU,7356
AU,7357
AU,7358
AU,7359
AU,7360
AU,7361
AU,7362
AU,7363
AU,7364
AU,7365
AU,7366
AU,7367
AU,7368
AU,7369
AU,7370
AU,7371
AU,7372
AU,7373
AU,7374
AU,7375
AU,7376
AU,7377
AU,7378
AU,7379
AU,7380
AU,7381
AU,7382
AU,7383
AU,7384
AU,7385
AU,7386
AU,7387
AU,7388
AU,7389
AU,7390
AU,7391
AU,7392
AU,7393
AU,7394
AU,7395
AU,7396
AU,7397
AU,7398
AU,7399
AU,7400
AU,7401
AU,7402
AU,7403
AU,7404
AU,7405
AU,7406
AU,7407
AU,7408
AU,7409
AU,7410
AU,7411
AU,7412
AU,7413
AU,7414
AU,7415
AU,7416
AU,7417
AU,7418
AU,7419
AU,7420
AU,7421
AU,7422
AU,7423
AU,7424
AU,7425
AU,7426
AU,7427
AU,7428
AU,7429
AU,7430
AU,7431
AU,7432
AU,7433
AU,7434
AU,7435
AU,7436
AU,7437
AU,7438
AU,7439
AU,7440
AU,7441
AU,7442
AU,7443
AU,7444
AU,7445
AU,7446
AU,7447
AU,7448
AU,7449
AU,7450
AU,7451
AU,7452
AU,7453
AU,7454
AU,7455
AU,7456
AU,7457
AU,7458
AU,7459
AU,7460
AU,7461
AU,7462
AU,7463
AU,7464
AU,7465
AU,7466
AU,7467
AU,7468
AU,7469
AU,7470
AU,7471
AU,7472
AU,7473
AU,7474
AU,7475
AU,7476
AU,7477
AU,7478
AU,7479
AU,7480
AU,7481
AU,7482
AU,7483
AU,7484
AU,7485
AU,7486
AU,7487
AU,7488
AU,7489
AU,7490
AU,7491
AU,7492
AU,7493
AU,7494
AU,7495
AU,7496
AU,7497
AU,7498
AU,7499
AU,7500
AU,7501
AU,7502
AU,7503
AU,7504
AU,7505
AU,7506
AU,7507
AU,7508
AU,7509
AU,7510
AU,7511
AU,7512
AU,7513
AU,7514
AU,7515
AU,7516
AU,7517
AU,7518
AU,7519
AU,7520
AU,7521
AU,7522
AU,7523
AU,7524
AU,7525
AU,7526
AU,7527
AU,7528
AU,7529
AU,7530
AU,7531
AU,7532
AU,7533
AU,7534
AU,7535
AU,7536
AU,7537
AU,7538
AU,7539
AU,7540
AU,7541
AU,7542
AU,7543
AU,7544
AU,7545
AU,7546
AU,7547
AU,7548
AU,7549
AU,7550
AU,7551
AU,7552
AU,7553
AU,7554
AU,7555
AU,7556
AU,7557
AU,7558
AU,7559
AU,7560
AU,7561
AU,7562
AU,7563
AU,7564
AU,7565
AU,7566
AU,7567
AU,7568
AU,7569
AU,7570
AU,7571
AU,7572
AU,7573
AU,7574
AU,7575
AU,7576
AU,7577
AU,7578
AU,7579
AU,7580
AU,7581
AU,7582
AU,7583
AU,7584
AU,7585
AU,7586
AU,7587
AU,7588
AU,7589
AU,7590
AU,7591
AU,7592
AU,7593
AU,7594
AU,7595
AU,7596
AU,7597
AU,7598
AU,7599
AU,7600
AU,7601
AU,7602
AU,7603
AU,7604
AU,7605
AU,7606
AU,7607
AU,7608
AU,7609
AU,7610
AU,7611
AU,7612
AU,7613
AU,7614
AU,7615
AU,7616
AU,7617
AU,7618
AU,7619
AU,7620
AU,7621
AU,7622
AU,7623
AU,7624
AU,7625
AU,7626
AU,7627
AU,7628
AU,7629
AU,7630
AU,7631
AU,7632
AU,7633
AU,7634
AU,7635
AU,7636
AU,7637
AU,7638
AU,7639
AU,7640
AU,7641
AU,7642
AU,7643
AU,7644
AU,7645
AU,7646
AU,7647
AU,7648
AU,7649
AU,7650
AU,7651
AU,7652
AU,7653
AU,7654
AU,7655
AU,7656
AU,7657
AU,7658
AU,7659
AU,7660
AU,7661
AU,7662
AU,7663
AU,7664
AU,7665
AU,7666
AU,7667
AU,7668
AU,7669
AU,7670
AU,7671
AU,7672
AU,7673
AU,7674
AU,7675
AU,7676
AU,7677
AU,7678
AU,7679
AU,7680
AU,7681
AU,7682
AU,7683
AU,7684
AU,7685
AU,7686
AU,7687
AU,7688
AU,7689
AU,7690
AU,7691
AU,7692
AU,7693
AU,7694
AU,7695
AU,7696
AU,7697
AU,7698
AU,7699
AU,7700
AU,7701
AU,7702
AU,7703
AU,7704
AU,7705
AU,7706
AU,7707
AU,7708
AU,7709
AU,7710
AU,7711
AU,7712
AU,7713
AU,7714
AU,7715
AU,7716
AU,7717
AU,7718
AU,7719
AU,7720
AU,7721
AU,7722
AU,7723
AU,7724
AU,7725
AU,7726
AU,7727
AU,7728
AU,7729
AU,7730
AU,7731
AU,7732
AU,7733
AU,7734
AU,7735
AU,7736
AU,7737
AU,7738
AU,7739
AU,7740
AU,7741
AU,7742
AU,7743
AU,7744
AU,7745
AU,7746
AU,7747
AU,7748
AU,7749
AU,7750
AU,7751
AU,7752
AU,7753
AU,7754
AU,7755
AU,7756
AU,7757
AU,7758
AU,7759
AU,7760
AU,7761
AU,7762
AU,7763
AU,7764
AU,7765
AU,7766
AU,7767
AU,7768
AU,7769
AU,7770
AU,7771
AU,7772
AU,7773
AU,7774
AU,7775
AU,7776
AU,7777
AU,7778
AU,7779
AU,7780
AU,7781
AU,7782
AU,7783
AU,7784
AU,7785
AU,7786
AU,7787
AU,7788
AU,7789
AU,7790
AU,7791
AU,7792
AU,7793
AU,7794
AU,7795
AU,7796
AU,7797
AU,7798
AU,7799
AU,7800
AU,7801
AU,7802
AU,7803
AU,7804
AU,7805
AU,7806
AU,7807
AU,7808
AU,7809
AU,7810
AU,7811
AU,7812
AU,7813
AU,7814
AU,7815
AU,7816
AU,7817
AU,7818
AU,7819
AU,7820
AU,7821
AU,7822
AU,7823
AU,7824
AU,7825
AU,7826
AU,7827
AU,7828
AU,7829
AU,7830
AU,7831
AU,7832
AU,7833
AU,7834
AU,7835
AU,7836
AU,7837
AU,7838
AU,7839
AU,7840
AU,7841
AU,7842
AU,7843
AU,7844
AU,7845
AU,7846
AU,7847
AU,7848
AU,7849
AU,7850
AU,7851
AU,7852
AU,7853
AU,7854
AU,7855
AU,7856
AU,7857
AU,7858
AU,7859
AU,7860
AU,7861
AU,7862
AU,7863
AU,7864
AU,7865
AU,7866
AU,7867
AU,7868
AU,7869
AU,7870
AU,7871
AU,7872
AU,7873
AU,7874
AU,7875
AU,7876
AU,7877
AU,7878
AU,7879
AU,7880
AU,7881
AU,7882
AU,7883
AU,7884
AU,7885
AU,7886
AU,7887
AU,7888
AU,7889
AU,7890
AU,7891
AU,7892
AU,7893
AU,7894
AU,7895
AU,7896
AU,7897
AU,7898
AU,7899
AU,7900
AU,7901
AU,7902
AU,7903
AU,7904
AU,7905
AU,7906
AU,7907
AU,7908
AU,7909
AU,7910
AU,7911
AU,7912
AU,7913
AU,7914
AU,7915
AU,7916
AU,7917
AU,7918
AU,7919
AU,7920
AU,7921
AU,7922
AU,7923
AU,7924
AU,7925
AU,7926
AU,7927
AU,7928
AU,7929
AU,7930
AU,7931
AU,7932
AU,7933
AU,7934
AU,7935
AU,7936
AU,7937
AU,7938
AU,7939
AU,7940
AU,7941
AU,7942
AU,7943
AU,7944
AU,7945
AU,7946
AU,7947
AU,7948
AU,7949
AU,7950
AU,7951
AU,7952
AU,7953
AU,7954
AU,7955
AU,7956
AU,7957
AU,7958
AU,7959
AU,7960
AU,7961
AU,7962
AU,7963
AU,7964
AU,7965
AU,7966
AU,7967
AU,7968
AU,7969
AU,7970
AU,7971
AU,7972
AU,7973
AU,7974
AU,7975
AU,7976
AU,7977
AU,7978
AU,7979
AU,7980
AU,7981
AU,7982
AU,7983
AU,7984
AU,7985
AU,7986
AU,7987
AU,7988
AU,7989
AU,7990
AU,7991
AU,7992
AU,7993
AU,7994
AU,7995
AU,7996
AU,7997
AU,7998
AU,7999
AU,8000
AU,8001
AU,8002
AU,8003
AU,8004
AU,8005
AU,8006
AU,8007
AU,8008
AU,8009
AU,8010
AU,8011
AU,8012
AU,8013
AU,8014
AU,8015
AU,8016
AU,8017
AU,8018
AU,8019
AU,8020
AU,8021
AU,8022
AU,8023
AU,8024
AU,8025
AU,8026
AU,8027
AU,8028
AU,8029
AU,8030
AU,8031
AU,8032
AU,8033
AU,8034
AU,8035
AU,8036
AU,8037
AU,8038
AU,8039
AU,8040
AU,8041
AU,8042
AU,8043
AU,8044
AU,8045
AU,8046
AU,8047
AU,8048
AU,8049
AU,8050
AU,8051
AU,8052
AU,8053
AU,8054
AU,8055
AU,8056
AU,8057
AU,8058
AU,8059
AU,8060
AU,8061
AU,8062
AU,8063
AU,8064
AU,8065
AU,8066
AU,8067
AU,8068
AU,8069
AU,8070
AU,8071
AU,8072
AU,8073
AU,8074
AU,8075
AU,8076
AU,8077
AU,8078
AU,8079
AU,8080
AU,8081
AU,8082
AU,8083
AU,8084
AU,8085
AU,8086
AU,8087
AU,8088
AU,8089
AU,8090
AU,8091
AU,8092
AU,8093
AU,8094
AU,8095
AU,8096
AU,8097
AU,8098
AU,8099
AU,8100
AU,8101
AU,8102
AU,8103
AU,8104
AU,8105
AU,8106
AU,8107
AU,8108
AU,8109
AU,8110
AU,8111
AU,8112
AU,8113
AU,8114
AU,8115
AU,8116
AU,8117
AU,8118
AU,8119
AU,8120
AU,8121
AU,8122
AU,8123
AU,8124
AU,8125
AU,8126
AU,8127
AU,8128
AU,8129
AU,8130
AU,8131
AU,8132
AU,8133
AU,8134
AU,8135
AU,8136
AU,8137
AU,8138
AU,8139
AU,8140
AU,8141
AU,8142
AU,8143
AU,8144
AU,8145
AU,8146
AU,8147
AU,8148
AU,8149
AU,8150
AU,8151
AU,8152
AU,8153
AU,8154
AU,8155
AU,8156
AU,8157
AU,8158
AU,8159
AU,8160
AU,8161
AU,8162
AU,8163
AU,8164
AU,8165
AU,8166
AU,8167
AU,8168
AU,8169
AU,8170
AU,8171
AU,8172
AU,8173
AU,8174
AU,8175
AU,8176
AU,8177
AU,8178
AU,8179
AU,8180
AU,8181
AU,8182
AU,8183
AU,8184
AU,8185
AU,8186
AU,8187
AU,8188
AU,8189
AU,8190
AU,8191
AU,8192
AU,8193
AU,8194
AU,8195
AU,8196
AU,8197
AU,8198
AU,8199
AU,8200
AU,8201
AU,8202
AU,8203
AU,8204
AU,8205
AU,8206
AU,8207
AU,8208
AU,8209
AU,8210
AU,8211
AU,8212
AU,8213
AU,8214
AU,8215
AU,8216
AU,8217
AU,8218
AU,8219
AU,8220
AU,8221
AU,8222
AU,8223
AU,8224
AU,8225
AU,8226
AU,8227
AU,8228
AU,8229
AU,8230
AU,8231
AU,8232
AU,8233
AU,8234
AU,8235
AU,8236
AU,8237
AU,8238
AU,8239
AU,8240
AU,8241
AU,8242
AU,8243
AU,8244
AU,8245
AU,8246
AU,8247
AU,8248
AU,8249
AU,8250
AU,8251
AU,8252
AU,8253
AU,8254
AU,8255
AU,8256
AU,8257
AU,8258
AU,8259
AU,8260
AU,8261
AU,8262
AU,8263
AU,8264
AU,8265
AU,8266
AU,8267
AU,8268
AU,8269
AU,8270
AU,8271
AU,8272
AU,8273
AU,8274
AU,8275
AU,8276
AU,8277
AU,8278
AU,8279
AU,8280
AU,8281
AU,8282
AU,8283
AU,8284
AU,8285
AU,8286
AU,8287
AU,8288
AU,8289
AU,8290
AU,8291
AU,8292
AU,8293
AU,8294
AU,8295
AU,8296
AU,8297
AU,8298
AU,8299
AU,8300
AU,8301
AU,8302
AU,8303
AU,8304
AU,8305
AU,8306
AU,8307
AU,8308
AU,8309
AU,8310
AU,8311
AU,8312
AU,8313
AU,8314
AU,8315
AU,8316
AU,8317
AU,8318
AU,8319
AU,8320
AU,8321
AU,8322
AU,8323
AU,8324
AU,8325
AU,8326
AU,8327
AU,8328
AU,8329
AU,8330
AU,8331
AU,8332
AU,8333
AU,8334
AU,8335
AU,8336
AU,8337
AU,8338
AU,8339
AU,8340
AU,8341
AU,8342
AU,8343
AU,8344
AU,8345
AU,8346
AU,8347
AU,8348
AU,8349
AU,8350
AU,8351
AU,8352
AU,8353
AU,8354
AU,8355
AU,8356
AU,8357
AU,8358
AU,8359
AU,8360
AU,8361
AU,8362
AU,8363
AU,8364
AU,8365
AU,8366
AU,8367
AU,8368
AU,8369
AU,8370
AU,8371
AU,8372
AU,8373
AU,8374
AU,8375
AU,8376
AU,8377
AU,8378
AU,8379
AU,8380
AU,8381
AU,8382
AU,8383
AU,8384
AU,8385
AU,8386
AU,8387
AU,8388
AU,8389
AU,8390
AU,8391
AU,8392
AU,8393
AU,8394
AU,8395
AU,8396
AU,8397
AU,8398
AU,8399
AU,8400
AU,8401
AU,8402
AU,8403
AU,8404
AU,8405
AU,8406
AU,8407
AU,8408
AU,8409
AU,8410
AU,8411
AU,8412
AU,8413
AU,8414
AU,8415
AU,8416
AU,8417
AU,8418
AU,8419
AU,8420
AU,8421
AU,8422
AU,8423
AU,8424
AU,8425
AU,8426
AU,8427
AU,8428
AU,8429
AU,8430
AU,8431
AU,8432
AU,8433
AU,8434
AU,8435
AU,8436
AU,8437
AU,8438
AU,8439
AU,8440
AU,8441
AU,8442
AU,8443
AU,8444
AU,8445
AU,8446
AU,8447
AU,8448
AU,8449
AU,8450
AU,8451
AU,8452
AU,8453
AU,8454
AU,8455
AU,8456
AU,8457
AU,8458
AU,8459
AU,8460
AU,8461
AU,8462
AU,8463
AU,8464
AU,8465
AU,8466
AU,8467
AU,8468
AU,8469
AU,8470
AU,8471
AU,8472
AU,8473
AU,8474
AU,8475
AU,8476
AU,8477
AU,8478
AU,8479
AU,8480
AU,8481
AU,8482
AU,8483
AU,8484
AU,8485
AU,8486
AU,8487
AU,8488
AU,8489
AU,8490
AU,8491
AU,8492
AU,8493
AU,8494
AU,8495
AU,8496
AU,8497
AU,8498
AU,8499
AU,8500
AU,8501
AU,8502
AU,8503
AU,8504
AU,8505
AU,8506
AU,8507
AU,8508
AU,8509
AU,8510
AU,8511
AU,8512
AU,8513
AU,8514
AU,8515
AU,8516
AU,8517
AU,8518
AU,8519
AU,8520
AU,8521
AU,8522
AU,8523
AU,8524
AU,8525
AU,8526
AU,8527
AU,8528
AU,8529
AU,8530
AU,8531
AU,8532
AU,8533
AU,8534
AU,8535
AU,8536
AU,8537
AU,8538
AU,8539
AU,8540
AU,8541
AU,8542
AU,8543
AU,8544
AU,8545
AU,8546
AU,8547
AU,8548
AU,8549
AU,8550
AU,8551
AU,8552
AU,8553
AU,8554
AU,8555
AU,8556
AU,8557
AU,8558
AU,8559
AU,8560
AU,8561
AU,8562
AU,8563
AU,8564
AU,8565
AU,8566
AU,8567
AU,8568
AU,8569
AU,8570
AU,8571
AU,8572
AU,8573
AU,8574
AU,8575
AU,8576
AU,8577
AU,8578
AU,8579
AU,8580
AU,8581
AU,8582
AU,8583
AU,8584
AU,8585
AU,8586
AU,8587
AU,8588
AU,8589
AU,8590
AU,8591
AU,8592
AU,8593
AU,8594
AU,8595
AU,8596
AU,8597
AU,8598
AU,8599
AU,8600
AU,8601
AU,8602
AU,8603
AU,8604
AU,8605
AU,8606
AU,8607
AU,8608
AU,8609
AU,8610
AU,8611
AU,8612
AU,8613
AU,8614
AU,8615
AU,8616
AU,8617
AU,8618
AU,8619
AU,8620
AU,8621
AU,8622
AU,8623
AU,8624
AU,8625
AU,8626
AU,8627
AU,8628
AU,8629
AU,8630
AU,8631
AU,8632
AU,8633
AU,8634
AU,8635
AU,8636
AU,8637
AU,8638
AU,8639
AU,8640
AU,8641
AU,8642
AU,8643
AU,8644
AU,8645
AU,8646
AU,8647
AU,8648
AU,8649
AU,8650
AU,8651
AU,8652
AU,8653
AU,8654
AU,8655
AU,8656
AU,8657
AU,8658
AU,8659
AU,8660
AU,8661
AU,8662
AU,8663
AU,8664
AU,8665
AU,8666
AU,8667
AU,8668
AU,8669
AU,8670
AU,8671
AU,8672
AU,8673
AU,8674
AU,8675
AU,8676
AU,8677
AU,8678
AU,8679
AU,8680
AU,8681
AU,8682
AU,8683
AU,8684
AU,8685
AU,8686
AU,8687
AU,8688
AU,8689
AU,8690
AU,8691
AU,8692
AU,8693
AU,8694
AU,8695
AU,8696
AU,8697
AU,8698
AU,8699
AU,8700
AU,8701
AU,8702
AU,8703
AU,8704
AU,8705
AU,8706
AU,8707
AU,8708
AU,8709
AU,8710
AU,8711
AU,8712
AU,8713
AU,8714
AU,8715
AU,8716
AU,8717
AU,8718
AU,8719
AU,8720
AU,8721
AU,8722
AU,8723
AU,8724
AU,8725
AU,8726
AU,8727
AU,8728
AU,8729
AU,8730
AU,8731
AU,8732
AU,8733
AU,8734
AU,8735
AU,8736
AU,8737
AU,8738
AU,8739
AU,8740
AU,8741
AU,8742
AU,8743
AU,8744
AU,8745
AU,8746
AU,8747
AU,8748
AU,8749
AU,8750
AU,8751
AU,8752
AU,8753
AU,8754
AU,8755
AU,8756
AU,8757
AU,8758
AU,8759
AU,8760
AU,8761
AU,8762
AU,8763
AU,8764
AU,8765
AU,8766
AU,8767
AU,8768
AU,8769
AU,8770
AU,8771
AU,8772
AU,8773
AU,8774
AU,8775
AU,8776
AU,8777
AU,8778
AU,8779
AU,8780
AU,8781
AU,8782
AU,8783
AU,8784
AU,8785
AU,8786
AU,8787
AU,8788
AU,8789
AU,8790
AU,8791
AU,8792
AU,8793
AU,8794
AU,8795
AU,8796
AU,8797
AU,8798
AU,8799
AU,8800
AU,8801
AU,8802
AU,8803
AU,8804
AU,8805
AU,8806
AU,8807
AU,8808
AU,8809
AU,8810
AU,8811
AU,8812
AU,8813
AU,8814
AU,8815
AU,8816
AU,8817
AU,8818
AU,8819
AU,8820
AU,8821
AU,8822
AU,8823
AU,8824
AU,8825
AU,8826
AU,8827
AU,8828
AU,8829
AU,8830
AU,8831
AU,8832
AU,8833
AU,8834
AU,8835
AU,8836
AU,8837
AU,8838
AU,8839
AU,8840
AU,8841
AU,8842
AU,8843
AU,8844
AU,8845
AU,8846
AU,8847
AU,8848
AU,8849
AU,8850
AU,8851
AU,8852
AU,8853
AU,8854
AU,8855
AU,8856
AU,8857
AU,8858
AU,8859
AU,8860
AU,8861
AU,8862
AU,8863
AU,8864
AU,8865
AU,8866
AU,8867
AU,8868
AU,8869
AU,8870
AU,8871
AU,8872
AU,8873
AU,8874
AU,8875
AU,8876
AU,8877
AU,8878
AU,8879
AU,8880
AU,8881
AU,8882
AU,8883
AU,8884
AU,8885
AU,8886
AU,8887
AU,8888
AU,8889
AU,8890
AU,8891
AU,8892
AU,8893
AU,8894
AU,8895
AU,8896
AU,8897
AU,8898
AU,8899
AU,8900
AU,8901
AU,8902
AU,8903
AU,8904
AU,8905
AU,8906
AU,8907
AU,8908
AU,8909
AU,8910
AU,8911
AU,8912
AU,8913
AU,8914
AU,8915
AU,8916
AU,8917
AU,8918
AU,8919
AU,8920
AU,8921
AU,8922
AU,8923
AU,8924
AU,8925
AU,8926
AU,8927
AU,8928
AU,8929
AU,8930
AU,8931
AU,8932
AU,8933
AU,8934
AU,8935
AU,8936
AU,8937
AU,8938
AU,8939
AU,8940
AU,8941
AU,8942
AU,8943
AU,8944
AU,8945
AU,8946
AU,8947
AU,8948
AU,8949
AU,8950
AU,8951
AU,8952
AU,8953
AU,8954
AU,8955
AU,8956
AU,8957
AU,8958
AU,8959
AU,8960
AU,8961
AU,8962
AU,8963
AU,8964
AU,8965
AU,8966
AU,8967
AU,8968
AU,8969
AU,8970
AU,8971
AU,8972
AU,8973
AU,8974
AU,8975
AU,8976
AU,8977
AU,8978
AU,8979
AU,8980
AU,8981
AU,8982
AU,8983
AU,8984
AU,8985
AU,8986
AU,8987
AU,8988
AU,8989
AU,8990
AU,8991
AU,8992
AU,8993
AU,8994
AU,8995
AU,8996
AU,8997
AU,8998
AU,8999
AU,9000
AU,9001
AU,9002
AU,9003
AU,9004
AU,9005
AU,9006
AU,9007
AU,9008
AU,9009
AU,9010
AU,9011
AU,9012
AU,9013
AU,9014
AU,9015
AU,9016
AU,9017
AU,9018
AU,9019
AU,9020
AU,9021
AU,9022
AU,9023
AU,9024
AU,9025
AU,9026
AU,9027
AU,9028
AU,9029
AU,9030
AU,9031
AU,9032
AU,9033
AU,9034
AU,9035
AU,9036
AU,9037
AU,9038
AU,9039
AU,9040
AU,9041
AU,9042
AU,9043
AU,9044
AU,9045
AU,9046
AU,9047
AU,9048
AU,9049
AU,9050
AU,9051
AU,9052
AU,9053
AU,9054
AU,9055
AU,9056
AU,9057
AU,9058
AU,9059
AU,9060
AU,9061
AU,9062
AU,9063
AU,9064
AU,9065
AU,9066
AU,9067
AU,9068
AU,9069
AU,9070
AU,9071
AU,9072
AU,9073
AU,9074
AU,9075
AU,9076
AU,9077
AU,9078
AU,9079
AU,9080
AU,9081
AU,9082
AU,9083
AU,9084
AU,9085
AU,9086
AU,9087
AU,9088
AU,9089
AU,9090
AU,9091
AU,9092
AU,9093
AU,9094
AU,9095
AU,9096
AU,9097
AU,9098
AU,9099
AU,9100
AU,9101
AU,9102
AU,9103
AU,9104
AU,9105
AU,9106
AU,9107
AU,9108
AU,9109
AU,9110
AU,9111
AU,9112
AU,9113
AU,9114
AU,9115
AU,9116
AU,9117
AU,9118
AU,9119
AU,9120
AU,9121
AU,9122
AU,9123
AU,9124
AU,9125
AU,9126
AU,9127
AU,9128
AU,9129
AU,9130
AU,9131
AU,9132
AU,9133
AU,9134
AU,9135
AU,9136
AU,9137
AU,9138
AU,9139
AU,9140
AU,9141
AU,9142
AU,9143
AU,9144
AU,9145
AU,9146
AU,9147
AU,9148
AU,9149
AU,9150
AU,9151
AU,9152
AU,9153
AU,9154
AU,9155
AU,9156
AU,9157
AU,9158
AU,9159
AU,9160
AU,9161
AU,9162
AU,9163
AU,9164
AU,9165
AU,9166
AU,9167
AU,9168
AU,9169
AU,9170
AU,9171
AU,9172
AU,9173
AU,9174
AU,9175
AU,9176
AU,9177
AU,9178
AU,9179
AU,9180
AU,9181
AU,9182
AU,9183
AU,9184
AU,9185
AU,9186
AU,9187
AU,9188
AU,9189
AU,9190
AU,9191
AU,9192
AU,9193
AU,9194
AU,9195
AU,9196
AU,9197
AU,9198
AU,9199
AU,9200
AU,9201
AU,9202
AU,9203
AU,9204
AU,9205
AU,9206
AU,9207
AU,9208
AU,9209
AU,9210
AU,9211
AU,9212
AU,9213
AU,9214
AU,9215
AU,9216
AU,9217
AU,9218
AU,9219
AU,9220
AU,9221
AU,9222
AU,9223
AU,9224
AU,9225
AU,9226
AU,9227
AU,9228
AU,9229
AU,9230
AU,9231
AU,9232
AU,9233
AU,9234
AU,9235
AU,9236
AU,9237
AU,9238
AU,9239
AU,9240
AU,9241
AU,9242
AU,9243
AU,9244
AU,9245
AU,9246
AU,9247
AU,9248
AU,9249
AU,9250
AU,9251
AU,9252
AU,9253
AU,9254
AU,9255
AU,9256
AU,9257
AU,9258
AU,9259
AU,9260
AU,9261
AU,9262
AU,9263
AU,9264
AU,9265
AU,9266
AU,9267
AU,9268
AU,9269
AU,9270
AU,9271
AU,9272
AU,9273
AU,9274
AU,9275
AU,9276
AU,9277
AU,9278
AU,9279
AU,9280
AU,9281
AU,9282
AU,9283
AU,9284
AU,9285
AU,9286
AU,9287
AU,9288
AU,9289
AU,9290
AU,9291
AU,9292
AU,9293
AU,9294
AU,9295
AU,9296
AU,9297
AU,9298
AU,9299
AU,9300
AU,9301
AU,9302
AU,9303
AU,9304
AU,9305
AU,9306
AU,9307
AU,9308
AU,9309
AU,9310
AU,9311
AU,9312
AU,9313
AU,9314
AU,9315
AU,9316
AU,9317
AU,9318
AU,9319
AU,9320
AU,9321
AU,9322
AU,9323
AU,9324
AU,9325
AU,9326
AU,9327
AU,9328
AU,9329
AU,9330
AU,9331
AU,9332
AU,9333
AU,9334
AU,9335
AU,9336
AU,9337
AU,9338
AU,9339
AU,9340
AU,9341
AU,9342
AU,9343
AU,9344
AU,9345
AU,9346
AU,9347
AU,9348
AU,9349
AU,9350
AU,9351
AU,9352
AU,9353
AU,9354
AU,9355
AU,9356
AU,9357
AU,9358
AU,9359
AU,9360
AU,9361
AU,9362
AU,9363
AU,9364
AU,9365
AU,9366
AU,9367
AU,9368
AU,9369
AU,9370
AU,9371
AU,9372
AU,9373
AU,9374
AU,9375
AU,9376
AU,9377
AU,9378
AU,9379
AU,9380
AU,9381
AU,9382
AU,9383
AU,9384
AU,9385
AU,9386
AU,9387
AU,9388
AU,9389
AU,9390
AU,9391
AU,9392
AU,9393
AU,9394
AU,9395
AU,9396
AU,9397
AU,9398
AU,9399
AU,9400
AU,9401
AU,9402
AU,9403
AU,9404
AU,9405
AU,9406
AU,9407
AU,9408
AU,9409
AU,9410
AU,9411
AU,9412
AU,9413
AU,9414
AU,9415
AU,9416
AU,9417
AU,9418
AU,9419
AU,9420
AU,9421
AU,9422
AU,9423
AU,9424
AU,9425
AU,9426
AU,9427
AU,9428
AU,9429
AU,9430
AU,9431
AU,9432
AU,9433
AU,9434
AU,9435
AU,9436
AU,9437
AU,9438
AU,9439
AU,9440
AU,9441
AU,9442
AU,9443
AU,9444
AU,9445
AU,9446
AU,9447
AU,9448
AU,9449
AU,9450
AU,9451
AU,9452
AU,9453
AU,9454
AU,9455
AU,9456
AU,9457
AU,9458
AU,9459
AU,9460
AU,9461
AU,9462
AU,9463
AU,9464
AU,9465
AU,9466
AU,9467
AU,9468
AU,9469
AU,9470
AU,9471
AU,9472
AU,9473
AU,9474
AU,9475
AU,9476
AU,9477
AU,9478
AU,9479
AU,9480
AU,9481
AU,9482
AU,9483
AU,9484
AU,9485
AU,9486
AU,9487
AU,9488
AU,9489
AU,9490
AU,9491
AU,9492
AU,9493
AU,9494
AU,9495
AU,9496
AU,9497
AU,9498
AU,9499
AU,9500
AU,9501
AU,9502
AU,9503
AU,9504
AU,9505
AU,9506
AU,9507
AU,9508
AU,9509
AU,9510
AU,9511
AU,9512
AU,9513
AU,9514
AU,9515
AU,9516
AU,9517
AU,9518
AU,9519
AU,9520
AU,9521
AU,9522
AU,9523
AU,9524
AU,9525
AU,9526
AU,9527
AU,9528
AU,9529
AU,9530
AU,9531
AU,9532
AU,9533
AU,9534
AU,9535
AU,9536
AU,9537
AU,9538
AU,9539
AU,9540
AU,9541
AU,9542
AU,9543
AU,9544
AU,9545
AU,9546
AU,9547
AU,9548
AU,9549
AU,9550
AU,9551
AU,9552
AU,9553
AU,9554
AU,9555
AU,9556
AU,9557
AU,9558
AU,9559
AU,9560
AU,9561
AU,9562
AU,9563
AU,9564
AU,9565
AU,9566
AU,9567
AU,9568
AU,9569
AU,9570
AU,9571
AU,9572
AU,9573
AU,9574
AU,9575
AU,9576
AU,9577
AU,9578
AU,9579
AU,9580
AU,9581
AU,9582
AU,9583
AU,9584
AU,9585
AU,9586
AU,9587
AU,9588
AU,9589
AU,9590
AU,9591
AU,9592
AU,9593
AU,9594
AU,9595
AU,9596
AU,9597
AU,9598
AU,9599
AU,9600
AU,9601
AU,9602
AU,9603
AU,9604
AU,9605
AU,9606
AU,9607
AU,9608
AU,9609
AU,9610
AU,9611
AU,9612
AU,9613
AU,9614
AU,9615
AU,9616
AU,9617
AU,9618
AU,9619
AU,9620
AU,9621
AU,9622
AU,9623
AU,9624
AU,9625
AU,9626
AU,9627
AU,9628
AU,9629
AU,9630
AU,9631
AU,9632
AU,9633
AU,9634
AU,9635
AU,9636
AU,9637
AU,9638
AU,9639
AU,9640
AU,9641
AU,9642
AU,9643
AU,9644
AU,9645
AU,9646
AU,9647
AU,9648
AU,9649
AU,9650
AU,9651
AU,9652
AU,9653
AU,9654
AU,9655
AU,9656
AU,9657
AU,9658
AU,9659
AU,9660
AU,9661
AU,9662
AU,9663
AU,9664
AU,9665
AU,9666
AU,9667
AU,9668
AU,9669
AU,9670
AU,9671
AU,9672
AU,9673
AU,9674
AU,9675
AU,9676
AU,9677
AU,9678
AU,9679
AU,9680
AU,9681
AU,9682
AU,9683
AU,9684
AU,9685
AU,9686
AU,9687
AU,9688
AU,9689
AU,9690
AU,9691
AU,9692
AU,9693
AU,9694
AU,9695
AU,9696
AU,9697
AU,9698
AU,9699
AU,9700
AU,9701
AU,9702
AU,9703
AU,9704
AU,9705
AU,9706
AU,9707
AU,9708
AU,9709
AU,9710
AU,9711
AU,9712
AU,9713
AU,9714
AU,9715
AU,9716
AU,9717
AU,9718
AU,9719
AU,9720
AU,9721
AU,9722
AU,9723
AU,9724
AU,9725
AU,9726
AU,9727
AU,9728
AU,9729
AU,9730
AU,9731
AU,9732
AU,9733
AU,9734
AU,9735
AU,9736
AU,9737
AU,9738
AU,9739
AU,9740
AU,9741
AU,9742
AU,9743
AU,9744
AU,9745
AU,9746
AU,9747
AU,9748
AU,9749
AU,9750
AU,9751
AU,9752
AU,9753
AU,9754
AU,9755
AU,9756
AU,9757
AU,9758
AU,9759
AU,9760
AU,9761
AU,9762
AU,9763
AU,9764
AU,9765
AU,9766
AU,9767
AU,9768
AU,9769
AU,9770
AU,9771
AU,9772
AU,9773
AU,9774
AU,9775
AU,9776
AU,9777
AU,9778
AU,9779
AU,9780
AU,9781
AU,9782
AU,9783
AU,9784
AU,9785
AU,9786
AU,9787
AU,9788
AU,9789
AU,9790
AU,9791
AU,9792
AU,9793
AU,9794
AU,9795
AU,9796
AU,9797
AU,9798
AU,9799
AU,9800
AU,9801
AU,9802
AU,9803
AU,9804
AU,9805
AU,9806
AU,9807
AU,9808
AU,9809
AU,9810
AU,9811
AU,9812
AU,9813
AU,9814
AU,9815
AU,9816
AU,9817
AU,9818
AU,9819
AU,9820
AU,9821
AU,9822
AU,9823
AU,9824
AU,9825
AU,9826
AU,9827
AU,9828
AU,9829
AU,9830
AU,9831
AU,9832
AU,9833
AU,9834
AU,9835
AU,9836
AU,9837
AU,9838
AU,9839
AU,9840
AU,9841
AU,9842
AU,9843
AU,9844
AU,9845
AU,9846
AU,9847
AU,9848
AU,9849
AU,9850
AU,9851
AU,9852
AU,9853
AU,9854
AU,9855
AU,9856
AU,9857
AU,9858
AU,9859
AU,9860
AU,9861
AU,9862
AU,9863
AU,9864
AU,9865
AU,9866
AU,9867
AU,9868
AU,9869
AU,9870
AU,9871
AU,9872
AU,9873
AU,9874
AU,9875
AU,9876
AU,9877
AU,9878
AU,9879
AU,9880
AU,9881
AU,9882
AU,9883
AU,9884
AU,9885
AU,9886
AU,9887
AU,9888
AU,9889
AU,9890
AU,9891
AU,9892
AU,9893
AU,9894
AU,9895
AU,9896
AU,9897
AU,9898
AU,9899
AU,9900
AU,9901
AU,9902
AU,9903
AU,9904
AU,9905
AU,9906
AU,9907
AU,9908
AU,9909
AU,9910
AU,9911
AU,9912
AU,9913
AU,9914
AU,9915
AU,9916
AU,9917
AU,9918
AU,9919
AU,9920
AU,9921
AU,9922
AU,9923
AU,9924
AU,9925
AU,9926
AU,9927
AU,9928
AU,9929
AU,9930
AU,9931
AU,9932
AU,9933
AU,9934
AU,9935
AU,9936
AU,9937
AU,9938
AU,9939
AU,9940
AU,9941
AU,9942
AU,9943
AU,9944
AU,9945
AU,9946
AU,9947
AU,9948
AU,9949
AU,9950
AU,9951
AU,9952
AU,9953
AU,9954
AU,9955
AU,9956
AU,9957
AU,9958
AU,9959
AU,9960
AU,9961
AU,9962
AU,9963
AU,9964
AU,9965
AU,9966
AU,9967
AU,9968
AU,9969
AU,9970
AU,9971
AU,9972
AU,9973
AU,9974
AU,9975
AU,9976
AU,9977
AU,9978
AU,9979
AU,9980
AU,9981
AU,9982
AU,9983
AU,9984
AU,9985
AU,9986
AU,9987
AU,9988
AU,9989
AU,9990
AU,9991
AU,9992
AU,9993
AU,9994
AU,9995
AU,9996
AU,9997
AU,9998
AU,9999
NZ,10000
NZ,10001
NZ,10002
NZ,10003
NZ,10004
NZ,10005
NZ,10006
NZ,10007
NZ,10008
NZ,10009
NZ,10010
NZ,10011
NZ,10012
NZ,10013
NZ,10014
NZ,10015
NZ,10016
NZ,10017
NZ,10018
NZ,10019
NZ,10020
